interest,vacancy,cpi,price,region,value,adj_price,adj_value,next_quarter
4.54,10.3,217.605,108881.0,"Hickory, NC",251793.2407482404,50036.07453872843,115711.14668699726,48735.13365443879
4.49,10.3,217.923,104662.0,"Hickory, NC",250106.08661513703,48027.0554278346,114768.10002392452,50699.4854046177
4.44,10.3,217.923,111065.0,"Hickory, NC",250106.08661513703,50965.24919352248,114768.10002392452,46627.80636641013
4.42,10.3,217.923,110663.0,"Hickory, NC",250106.08661513703,50780.78036737747,114768.10002392452,48822.35074456942
4.36,10.3,217.923,103697.0,"Hickory, NC",250106.08661513703,47584.23846955117,114768.10002392452,41783.08356616713
4.32,10.3,218.275,108154.0,"Hickory, NC",248203.66989438943,49549.421601191156,113711.45110268671,44130.32040349795
4.35,10.3,218.275,107284.0,"Hickory, NC",248203.66989438943,49150.84182796931,113711.45110268671,41568.54385137341
4.37,10.3,218.275,104490.0,"Hickory, NC",248203.66989438943,47870.80517695568,113711.45110268671,41524.54733480896
4.37,10.3,218.275,109102.0,"Hickory, NC",248203.66989438943,49983.73611270187,113711.45110268671,45907.87038716934
4.32,10.3,218.275,108850.0,"Hickory, NC",246267.97377863477,49868.28541976864,112824.63579367072,43654.91642818068
4.27,9.4,219.035,108994.0,"Hickory, NC",246267.97377863477,49760.99710091994,112433.16080929294,47449.89533742941
4.19,9.4,219.035,113957.0,"Hickory, NC",246267.97377863477,52026.845024767725,112433.16080929294,46666.3954029848
4.21,9.4,219.035,105581.0,"Hickory, NC",246267.97377863477,48202.79863948684,112433.16080929294,42210.437322265774
4.23,9.4,219.035,106747.0,"Hickory, NC",246267.97377863477,48735.13365443879,112433.16080929294,44845.379408557084
4.24,9.4,219.59,111331.0,"Hickory, NC",244090.25632322664,50699.4854046177,111157.27324706345,42044.542988219815
4.17,9.4,219.59,102390.0,"Hickory, NC",244090.25632322664,46627.80636641013,111157.27324706345,42110.78964208781
4.39,9.4,219.59,107209.0,"Hickory, NC",244090.25632322664,48822.35074456942,111157.27324706345,42480.32879971879
4.46,9.4,220.472,92120.0,"Hickory, NC",242113.57475346388,41783.08356616713,109816.01960950317,43772.13668929279
4.61,9.4,220.472,97295.0,"Hickory, NC",242113.57475346388,44130.32040349795,109816.01960950317,42823.90179604207
4.83,9.4,220.472,91647.0,"Hickory, NC",242113.57475346388,41568.54385137341,109816.01960950317,42163.051567838025
4.81,9.4,220.472,91550.0,"Hickory, NC",242113.57475346388,41524.54733480896,109816.01960950317,43416.60464657515
4.86,9.4,220.472,101214.0,"Hickory, NC",240627.93483190777,45907.87038716934,109142.17444024989,40041.964437828974
4.77,9.7,221.187,96559.0,"Hickory, NC",240627.93483190777,43654.91642818068,108789.36593556934,39039.59516807754
4.71,9.7,221.187,104953.0,"Hickory, NC",240627.93483190777,47449.89533742941,108789.36593556934,41200.305230417725
4.74,9.7,221.187,103220.0,"Hickory, NC",240627.93483190777,46666.3954029848,108789.36593556934,41410.03958178078
4.8,9.7,221.187,93364.0,"Hickory, NC",240627.93483190777,42210.437322265774,108789.36593556934,42297.61750701718
4.81,9.7,221.898,99511.0,"Hickory, NC",240290.91702547087,44845.379408557084,108288.90617557206,44130.49473768493
5.05,9.7,221.898,93296.0,"Hickory, NC",240290.91702547087,42044.542988219815,108288.90617557206,43973.02563098849
5.0,9.7,221.898,93443.0,"Hickory, NC",240290.91702547087,42110.78964208781,108288.90617557206,44929.40579877761
4.95,9.7,221.898,94263.0,"Hickory, NC",240290.91702547087,42480.32879971879,108288.90617557206,44844.888481624155
4.87,9.7,223.046,97632.0,"Hickory, NC",239074.71446272804,43772.13668929279,107186.2819609982,45021.48519167638
4.88,9.7,223.046,95517.0,"Hickory, NC",239074.71446272804,42823.90179604207,107186.2819609982,44409.40188429134
4.76,9.7,223.046,94043.0,"Hickory, NC",239074.71446272804,42163.051567838025,107186.2819609982,45294.609574477545
4.81,9.7,223.046,96839.0,"Hickory, NC",239074.71446272804,43416.60464657515,107186.2819609982,47673.994466339864
4.86,9.7,223.046,89312.0,"Hickory, NC",237433.1400837415,40041.964437828974,106450.3017690259,48384.82958639894
4.87,9.2,224.093,87485.0,"Hickory, NC",237433.1400837415,39039.59516807754,105952.94814373564,46645.22283102997
4.91,9.2,224.093,92327.0,"Hickory, NC",237433.1400837415,41200.305230417725,105952.94814373564,44949.533041992945
4.8,9.2,224.093,92797.0,"Hickory, NC",237433.1400837415,41410.03958178078,105952.94814373564,42912.22076798509
4.78,9.2,224.093,94786.0,"Hickory, NC",237433.1400837415,42297.61750701718,105952.94814373564,42765.36746600412
4.71,9.2,224.806,99208.0,"Hickory, NC",235113.36737382232,44130.49473768493,104585.00545973964,45123.52613376027
4.63,9.2,224.806,98854.0,"Hickory, NC",235113.36737382232,43973.02563098849,104585.00545973964,44880.27739201967
4.61,9.2,224.806,101004.0,"Hickory, NC",235113.36737382232,44929.40579877761,104585.00545973964,43426.092186850416
4.6,9.2,224.806,100814.0,"Hickory, NC",235113.36737382232,44844.888481624155,104585.00545973964,45573.75744120014
4.55,9.2,224.806,101211.0,"Hickory, NC",233723.4099788188,45021.48519167638,103966.71351245909,44334.21448651129
4.49,9.2,224.806,99835.0,"Hickory, NC",233723.4099788188,44409.40188429134,103966.71351245909,42510.27153934076
4.5,9.2,224.806,101825.0,"Hickory, NC",233723.4099788188,45294.609574477545,103966.71351245909,44625.92179066801
4.5,9.2,224.806,107174.0,"Hickory, NC",233723.4099788188,47673.994466339864,103966.71351245909,42493.94299130174
4.51,9.2,224.806,108772.0,"Hickory, NC",232851.7060545924,48384.82958639894,103578.95521231301,45809.07955533391
4.6,9.8,225.395,105136.0,"Hickory, NC",232851.7060545924,46645.22283102997,103308.28370398295,49488.86438809261
4.51,9.8,225.395,101314.0,"Hickory, NC",232851.7060545924,44949.533041992945,103308.28370398295,50856.00882028666
4.52,9.8,225.395,96722.0,"Hickory, NC",232851.7060545924,42912.22076798509,103308.28370398295,49637.48621830209
4.55,9.8,225.395,96391.0,"Hickory, NC",232851.7060545924,42765.36746600412,103308.28370398295,49360.52921719956
4.39,9.8,226.106,102027.0,"Hickory, NC",232100.46384926897,45123.52613376027,102651.17416135306,50343.13660754768
4.32,9.8,226.106,101477.0,"Hickory, NC",232100.46384926897,44880.27739201967,102651.17416135306,49407.26947778966
4.15,9.8,226.106,98189.0,"Hickory, NC",232100.46384926897,43426.092186850416,102651.17416135306,48451.593307185394
4.22,9.8,226.106,103045.0,"Hickory, NC",232100.46384926897,45573.75744120014,102651.17416135306,44413.19760763655
4.22,9.8,226.597,100460.0,"Hickory, NC",231188.29530424453,44334.21448651129,102026.19421450615,40413.60249622617
4.12,9.8,226.597,96327.0,"Hickory, NC",231188.29530424453,42510.27153934076,102026.19421450615,41167.927542546306
4.09,9.8,226.597,101121.0,"Hickory, NC",231188.29530424453,44625.92179066801,102026.19421450615,43397.015266940405
4.09,9.8,226.597,96290.0,"Hickory, NC",231188.29530424453,42493.94299130174,102026.19421450615,42124.25678738508
4.01,9.8,226.597,103802.0,"Hickory, NC",230725.74404210268,45809.07955533391,101822.06474141435,42613.74110128949
3.94,9.4,226.75,112216.0,"Hickory, NC",230725.74404210268,49488.86438809261,101753.36010677075,43974.77199111665
4.12,9.4,226.75,115316.0,"Hickory, NC",230725.74404210268,50856.00882028666,101753.36010677075,44326.77030573818
4.11,9.4,226.75,112553.0,"Hickory, NC",230725.74404210268,49637.48621830209,101753.36010677075,45737.39696807436
4.1,9.4,226.75,111925.0,"Hickory, NC",230725.74404210268,49360.52921719956,101753.36010677075,47336.080830731094
4.0,9.4,227.169,114364.0,"Hickory, NC",230144.20598179553,50343.13660754768,101309.68837376381,44456.026172759484
3.99,9.4,227.169,112238.0,"Hickory, NC",230144.20598179553,49407.26947778966,101309.68837376381,42024.00921477342
4.0,9.4,227.169,110067.0,"Hickory, NC",230144.20598179553,48451.593307185394,101309.68837376381,39456.66122130785
4.0,9.4,227.223,100917.0,"Hickory, NC",229797.96455479084,44413.19760763655,101133.23235534733,39683.66352428029
3.99,9.4,227.223,91829.0,"Hickory, NC",229797.96455479084,40413.60249622617,101133.23235534733,42312.07961294891
3.94,9.4,227.223,93543.0,"Hickory, NC",229797.96455479084,41167.927542546306,101133.23235534733,41601.87406853811
3.91,9.4,227.223,98608.0,"Hickory, NC",229797.96455479084,43397.015266940405,101133.23235534733,45052.380390460086
3.95,9.4,227.223,95716.0,"Hickory, NC",229797.96455479084,42124.25678738508,101133.23235534733,47870.475990682105
3.91,8.8,227.842,97092.0,"Hickory, NC",229659.41399819969,42613.74110128949,100797.66416999485,45464.62059366369
3.89,8.8,227.842,100193.0,"Hickory, NC",229659.41399819969,43974.77199111665,100797.66416999485,50316.99005615502
3.88,8.8,227.842,100995.0,"Hickory, NC",229659.41399819969,44326.77030573818,100797.66416999485,48966.56442119317
3.98,8.8,227.842,104209.0,"Hickory, NC",229659.41399819969,45737.39696807436,100797.66416999485,48005.77694197315
3.87,8.8,228.329,108082.0,"Hickory, NC",229254.53071323744,47336.080830731094,100405.34961097252,51255.06639325269
3.87,8.8,228.329,101506.0,"Hickory, NC",229254.53071323744,44456.026172759484,100405.34961097252,49632.94609401302
3.87,8.8,228.329,95953.0,"Hickory, NC",229254.53071323744,42024.00921477342,100405.34961097252,51020.274317594536
3.95,8.8,228.329,90091.0,"Hickory, NC",229254.53071323744,39456.66122130785,100405.34961097252,50852.37830818537
3.9,8.8,228.807,90799.0,"Hickory, NC",228274.76036994695,39683.66352428029,99767.38490078843,53470.06947571848
3.88,8.8,228.807,96813.0,"Hickory, NC",228274.76036994695,42312.07961294891,99767.38490078843,52776.95121737761
3.92,8.8,228.807,95188.0,"Hickory, NC",228274.76036994695,41601.87406853811,99767.38490078843,51618.64836953668
4.08,8.8,228.807,103083.0,"Hickory, NC",228274.76036994695,45052.380390460086,99767.38490078843,51111.0430414311
3.99,8.8,228.807,109531.0,"Hickory, NC",228274.76036994695,47870.475990682105,99767.38490078843,49723.88020514257
3.98,8.6,229.187,104199.0,"Hickory, NC",227158.90552116063,45464.62059366369,99115.09183381284,46278.92733715386
3.88,8.6,229.187,115320.0,"Hickory, NC",227158.90552116063,50316.99005615502,99115.09183381284,47799.11632179885
3.9,8.6,229.187,112225.0,"Hickory, NC",227158.90552116063,48966.56442119317,99115.09183381284,46145.50067806991
3.88,8.6,229.187,110023.0,"Hickory, NC",227158.90552116063,48005.77694197315,99115.09183381284,44563.62920512708
3.84,8.6,228.713,117227.0,"Hickory, NC",226825.36798175928,51255.06639325269,99174.67217943855,49204.49899529397
3.83,8.6,228.713,113517.0,"Hickory, NC",226825.36798175928,49632.94609401302,99174.67217943855,46831.9139867257
3.79,8.6,228.713,116690.0,"Hickory, NC",226825.36798175928,51020.274317594536,99174.67217943855,47479.10124479162
3.78,8.6,228.713,116306.0,"Hickory, NC",226825.36798175928,50852.37830818537,99174.67217943855,46732.31325950991
3.75,8.6,228.713,122293.0,"Hickory, NC",227463.77827307736,53470.06947571848,99453.80379474598,45527.53590410494
3.67,8.6,228.524,120608.0,"Hickory, NC",227463.77827307736,52776.95121737761,99536.05672624204,44670.25950695843
3.71,8.6,228.524,117961.0,"Hickory, NC",227463.77827307736,51618.64836953668,99536.05672624204,43530.5066770556
3.66,8.6,228.524,116801.0,"Hickory, NC",227463.77827307736,51111.0430414311,99536.05672624204,43425.31870224878
3.66,8.6,228.524,113631.0,"Hickory, NC",227463.77827307736,49723.88020514257,99536.05672624204,42350.496720992145
3.62,8.6,228.59,105789.0,"Hickory, NC",228494.40733008817,46278.92733715386,99958.1816046582,43576.183527745874
3.56,8.6,228.59,109264.0,"Hickory, NC",228494.40733008817,47799.11632179885,99958.1816046582,45431.66492544401
3.53,8.6,228.59,105484.0,"Hickory, NC",228494.40733008817,46145.50067806991,99958.1816046582,46812.699125359395
3.49,8.6,228.59,101868.0,"Hickory, NC",228494.40733008817,44563.62920512708,99958.1816046582,44993.91291584282
3.55,8.6,229.918,113130.0,"Hickory, NC",229720.57746424593,49204.49899529397,99914.13350161619,47488.20535440153
3.59,8.6,229.918,107675.0,"Hickory, NC",229720.57746424593,46831.9139867257,99914.13350161619,46004.95569710572
3.62,8.6,229.918,109163.0,"Hickory, NC",229720.57746424593,47479.10124479162,99914.13350161619,43628.72920531548
3.66,8.6,229.918,107446.0,"Hickory, NC",229720.57746424593,46732.31325950991,99914.13350161619,41331.63819086785
3.59,8.6,229.918,104676.0,"Hickory, NC",230490.35862860133,45527.53590410494,100248.94033029224,41165.81106387396
3.55,8.6,231.015,103195.0,"Hickory, NC",230490.35862860133,44670.25950695843,99772.89727013456,42662.647423893155
3.55,8.6,231.015,100562.0,"Hickory, NC",230490.35862860133,43530.5066770556,99772.89727013456,41883.738933747365
3.49,8.6,231.015,100319.0,"Hickory, NC",230490.35862860133,43425.31870224878,99772.89727013456,43660.82665501836
3.4,8.6,231.015,97836.0,"Hickory, NC",230490.35862860133,42350.496720992145,99772.89727013456,43832.19886135559
3.36,8.7,231.638,100939.0,"Hickory, NC",231275.1647158855,43576.183527745874,99843.36107024128,44455.04340056716
3.39,8.7,231.638,105237.0,"Hickory, NC",231275.1647158855,45431.66492544401,99843.36107024128,44422.671023269264
3.37,8.7,231.638,108436.0,"Hickory, NC",231275.1647158855,46812.699125359395,99843.36107024128,42891.241761229976
3.41,8.7,231.638,104223.0,"Hickory, NC",231275.1647158855,44993.91291584282,99843.36107024128,43793.783640295405
3.39,8.7,231.249,109816.0,"Hickory, NC",232396.037466338,47488.20535440153,100496.01834660387,45346.16656005701
3.4,8.7,231.249,106386.0,"Hickory, NC",232396.037466338,46004.95569710572,100496.01834660387,43526.361204960995
3.34,8.7,231.249,100891.0,"Hickory, NC",232396.037466338,43628.72920531548,100496.01834660387,43724.69809433452
3.32,8.7,231.249,95579.0,"Hickory, NC",234798.9087676174,41331.63819086785,101535.10232157432,45935.167019408684
3.34,8.7,231.221,95184.0,"Hickory, NC",234798.9087676174,41165.81106387396,101547.397843456,42175.88965137203
3.32,8.7,231.221,98645.0,"Hickory, NC",234798.9087676174,42662.647423893155,101547.397843456,44071.860927665504
3.37,8.7,231.221,96844.0,"Hickory, NC",234798.9087676174,41883.738933747365,101547.397843456,44263.438406764195
3.35,8.7,231.221,100953.0,"Hickory, NC",234798.9087676174,43660.82665501836,101547.397843456,43200.07576996926
3.34,8.6,231.679,101550.0,"Hickory, NC",237151.5889056933,43832.19886135559,102362.14283801868,46988.09734379651
3.4,8.6,231.679,102993.0,"Hickory, NC",237151.5889056933,44455.04340056716,102362.14283801868,44581.24997303675
3.38,8.6,231.679,102918.0,"Hickory, NC",237151.5889056933,44422.671023269264,102362.14283801868,43328.429617294445
3.42,8.6,231.679,99370.0,"Hickory, NC",237151.5889056933,42891.241761229976,102362.14283801868,42831.011617924305
3.53,8.6,231.679,101461.0,"Hickory, NC",239200.4409956143,43793.783640295405,103246.49234311885,43453.66181816614
3.53,8.6,232.937,105628.0,"Hickory, NC",239200.4409956143,45346.16656005701,102688.89914252107,45470.109058919414
3.53,8.6,232.937,101389.0,"Hickory, NC",239200.4409956143,43526.361204960995,102688.89914252107,46024.67517346362
3.56,8.6,232.937,101851.0,"Hickory, NC",239200.4409956143,43724.69809433452,102688.89914252107,46929.402784905105
3.51,8.6,232.937,107000.0,"Hickory, NC",240786.82083797816,45935.167019408684,103369.93300247627,48094.16411879617
3.52,8.6,232.282,97967.0,"Hickory, NC",240786.82083797816,42175.88965137203,103661.42053106919,50868.37746563704
3.63,8.6,232.282,102371.0,"Hickory, NC",240786.82083797816,44071.860927665504,103661.42053106919,53400.58938673665
3.54,8.6,232.282,102816.0,"Hickory, NC",240786.82083797816,44263.438406764195,103661.42053106919,53734.0015917744
3.57,8.6,232.282,100346.0,"Hickory, NC",240786.82083797816,43200.07576996926,103661.42053106919,52143.94803071694
3.54,8.2,231.797,108917.0,"Hickory, NC",242526.3328645214,46988.09734379651,104628.76260888684,52413.48218119365
3.43,8.2,231.797,103338.0,"Hickory, NC",242526.3328645214,44581.24997303675,104628.76260888684,53295.40575354228
3.41,8.2,231.797,100434.0,"Hickory, NC",242526.3328645214,43328.429617294445,104628.76260888684,52918.84929154144
3.4,8.2,231.797,99281.0,"Hickory, NC",242526.3328645214,42831.011617924305,104628.76260888684,52530.24124460284
3.35,8.2,231.893,100766.0,"Hickory, NC",244768.5948757238,43453.66181816614,105552.38617626396,51426.3929819752
3.42,8.2,231.893,105442.0,"Hickory, NC",244768.5948757238,45470.109058919414,105552.38617626396,50111.79836885752
3.51,8.2,231.893,106728.0,"Hickory, NC",244768.5948757238,46024.67517346362,105552.38617626396,49351.05544513742
3.59,8.2,231.893,108826.0,"Hickory, NC",244768.5948757238,46929.402784905105,105552.38617626396,50402.21712014256
3.81,8.2,231.893,111527.0,"Hickory, NC",247255.2777074443,48094.16411879617,106624.7267953083,48309.52625629432
3.91,8.2,232.445,118241.0,"Hickory, NC",247255.2777074443,50868.37746563704,106371.51915827155,47050.6628301305
3.98,8.2,232.445,124127.0,"Hickory, NC",247255.2777074443,53400.58938673665,106371.51915827155,48150.66968108793
3.93,8.2,232.445,124902.0,"Hickory, NC",247255.2777074443,53734.0015917744,106371.51915827155,45911.262974000616
4.46,8.2,232.445,121206.0,"Hickory, NC",247255.2777074443,52143.94803071694,106371.51915827155,44969.16578579101
4.51,8.3,232.9,122071.0,"Hickory, NC",249843.82260709596,52413.48218119365,107275.14925165132,42840.08576233903
4.37,8.3,232.9,124125.0,"Hickory, NC",249843.82260709596,53295.40575354228,107275.14925165132,39759.232076141896
4.31,8.3,232.9,123248.0,"Hickory, NC",249843.82260709596,52918.84929154144,107275.14925165132,40622.41889168011
4.39,8.3,233.456,122635.0,"Hickory, NC",252527.76370677268,52530.24124460284,108169.31828985878,46086.13038100903
4.4,8.3,233.456,120058.0,"Hickory, NC",252527.76370677268,51426.3929819752,108169.31828985878,46807.34728748398
4.4,8.3,233.456,116989.0,"Hickory, NC",252527.76370677268,50111.79836885752,108169.31828985878,50134.55788124733
4.58,8.3,233.456,115213.0,"Hickory, NC",252527.76370677268,49351.05544513742,108169.31828985878,48282.3579666809
4.51,8.3,233.456,117667.0,"Hickory, NC",252527.76370677268,50402.21712014256,108169.31828985878,47313.170216301194
4.57,8.3,233.544,112824.0,"Hickory, NC",255217.2362866979,48309.52625629432,109280.15118637083,46444.89794179423
4.57,8.3,233.544,109884.0,"Hickory, NC",255217.2362866979,47050.6628301305,109280.15118637083,44944.38030155207
4.5,8.3,233.544,112453.0,"Hickory, NC",255217.2362866979,48150.66968108793,109280.15118637083,45712.958899790814
4.32,8.3,233.544,107223.0,"Hickory, NC",255217.2362866979,45911.262974000616,109280.15118637083,44544.55815851212
4.22,8.2,233.669,105079.0,"Hickory, NC",258209.18047798335,44969.16578579101,110502.11216634784,42007.24218829689
4.23,8.2,233.669,100104.0,"Hickory, NC",258209.18047798335,42840.08576233903,110502.11216634784,45780.06528169732
4.28,8.2,233.669,92905.0,"Hickory, NC",258209.18047798335,39759.232076141896,110502.11216634784,46089.473326306485
4.13,8.2,233.669,94922.0,"Hickory, NC",258209.18047798335,40622.41889168011,110502.11216634784,45309.153037978984
4.1,8.2,233.669,107689.0,"Hickory, NC",260887.8403976983,46086.13038100903,111648.46017130997,46057.05018531333
4.16,8.2,234.1,109576.0,"Hickory, NC",260887.8403976983,46807.34728748398,111442.90491144739,41107.71947849049
4.35,8.2,234.1,117365.0,"Hickory, NC",260887.8403976983,50134.55788124733,111442.90491144739,38622.86507575983
4.22,8.2,234.1,113029.0,"Hickory, NC",260887.8403976983,48282.3579666809,111442.90491144739,39361.1466076834
4.46,8.2,234.719,111053.0,"Hickory, NC",263990.1837444858,47313.170216301194,112470.73468465944,39563.95003982578
4.42,8.2,234.719,109015.0,"Hickory, NC",263990.1837444858,46444.89794179423,112470.73468465944,43177.080685342415
4.47,8.2,234.719,105493.0,"Hickory, NC",263990.1837444858,44944.38030155207,112470.73468465944,43421.543206738184
4.48,8.2,234.719,107297.0,"Hickory, NC",263990.1837444858,45712.958899790814,112470.73468465944,43252.91914518617
4.53,8.3,235.288,104808.0,"Hickory, NC",266768.2911496322,44544.55815851212,113379.4716048554,44399.242180760186
4.51,8.3,235.288,98838.0,"Hickory, NC",266768.2911496322,42007.24218829689,113379.4716048554,42756.73664089856
4.41,8.3,235.288,107715.0,"Hickory, NC",266768.2911496322,45780.06528169732,113379.4716048554,44659.31965424497
4.39,8.3,235.288,108443.0,"Hickory, NC",266768.2911496322,46089.473326306485,113379.4716048554,43452.39102119525
4.32,8.3,235.288,106607.0,"Hickory, NC",269399.4936458574,45309.153037978984,114497.76174129466,44613.748216682565
4.23,8.3,235.547,108486.0,"Hickory, NC",269399.4936458574,46057.05018531333,114371.86363904332,46880.35522839126
4.28,8.3,235.547,96828.0,"Hickory, NC",269399.4936458574,41107.71947849049,114371.86363904332,45689.225808085495
4.33,8.3,235.547,90975.0,"Hickory, NC",269399.4936458574,38622.86507575983,114371.86363904332,45829.78076802944
4.37,8.3,235.547,92714.0,"Hickory, NC",271085.98371078685,39361.1466076834,115087.85240770924,44547.90264986198
4.28,8.3,236.028,93382.0,"Hickory, NC",271085.98371078685,39563.95003982578,114853.31558577239,44929.62555483896
4.37,8.3,236.028,101910.0,"Hickory, NC",271085.98371078685,43177.080685342415,114853.31558577239,47682.216910943345
4.32,8.3,236.028,102487.0,"Hickory, NC",271085.98371078685,43421.543206738184,114853.31558577239,50390.126079643895
4.4,8.3,236.028,102089.0,"Hickory, NC",271085.98371078685,43252.91914518617,114853.31558577239,50093.36891047123
4.41,7.5,236.468,104990.0,"Hickory, NC",272699.1363286766,44399.242180760186,115321.79251682114,48946.51744435743
4.34,7.5,236.468,101106.0,"Hickory, NC",272699.1363286766,42756.73664089856,115321.79251682114,49063.99211782836
4.27,7.5,236.468,105605.0,"Hickory, NC",272699.1363286766,44659.31965424497,115321.79251682114,47822.2974509259
4.33,7.5,236.468,102751.0,"Hickory, NC",272699.1363286766,43452.39102119525,115321.79251682114,48631.98847990299
4.29,7.5,236.918,105698.0,"Hickory, NC",274657.702392921,44613.748216682565,115929.43651091139,51497.27576653278
4.21,7.5,236.918,111068.0,"Hickory, NC",274657.702392921,46880.35522839126,115929.43651091139,50048.008085572306
4.2,7.5,236.918,108246.0,"Hickory, NC",274657.702392921,45689.225808085495,115929.43651091139,49599.090373115476
4.14,7.5,236.918,108579.0,"Hickory, NC",274657.702392921,45829.78076802944,115929.43651091139,46823.88612819001
4.12,7.5,236.918,105542.0,"Hickory, NC",274657.702392921,44547.90264986198,115929.43651091139,43417.41767034448
4.14,7.5,237.231,106587.0,"Hickory, NC",276852.3991274869,44929.62555483896,116701.61114166654,43824.875672170354
4.2,7.5,237.231,113117.0,"Hickory, NC",276852.3991274869,47682.216910943345,116701.61114166654,44764.33507244912
4.17,7.5,237.231,119541.0,"Hickory, NC",276852.3991274869,50390.126079643895,116701.61114166654,47473.6500797972
4.14,7.5,237.231,118837.0,"Hickory, NC",276852.3991274869,50093.36891047123,116701.61114166654,49621.64757008047
4.12,7.4,237.498,116247.0,"Hickory, NC",279102.1528801979,48946.51744435743,117517.68557217237,49700.12214126269
4.15,7.4,237.498,116526.0,"Hickory, NC",279102.1528801979,49063.99211782836,117517.68557217237,51314.07151581518
4.13,7.4,237.498,113577.0,"Hickory, NC",279102.1528801979,47822.2974509259,117517.68557217237,51046.62426820536
4.13,7.4,237.498,115500.0,"Hickory, NC",279102.1528801979,48631.98847990299,117517.68557217237,50913.53240955229
4.12,7.4,237.498,122305.0,"Hickory, NC",281450.5228618718,51497.27576653278,118506.48125957769,50466.66385882154
4.14,7.4,237.46,118844.0,"Hickory, NC",281450.5228618718,50048.008085572306,118525.44549055496,46518.10467417494
4.12,7.4,237.46,117778.0,"Hickory, NC",281450.5228618718,49599.090373115476,118525.44549055496,46274.62729394092
4.1,7.4,237.46,111188.0,"Hickory, NC",281450.5228618718,46823.88612819001,118525.44549055496,46637.5225227126
4.1,7.4,237.46,103099.0,"Hickory, NC",281450.5228618718,43417.41767034448,118525.44549055496,49356.19592638369
4.1,7.4,237.477,104074.0,"Hickory, NC",283694.88215731154,43824.875672170354,119462.04565381554,48855.03614784213
4.12,7.4,237.477,106305.0,"Hickory, NC",283694.88215731154,44764.33507244912,119462.04565381554,48678.10642872864
4.23,7.4,237.477,112739.0,"Hickory, NC",283694.88215731154,47473.6500797972,119462.04565381554,43842.519819209614
4.2,7.4,237.477,117840.0,"Hickory, NC",283694.88215731154,49621.64757008047,119462.04565381554,44775.01309920893
4.19,7.0,237.43,118003.0,"Hickory, NC",286138.15197674977,49700.12214126269,120514.7420194372,42077.215044281715
4.12,7.0,237.43,121835.0,"Hickory, NC",286138.15197674977,51314.07151581518,120514.7420194372,43454.44244228893
3.97,7.0,237.43,121200.0,"Hickory, NC",286138.15197674977,51046.62426820536,120514.7420194372,42034.19000029819
3.92,7.0,237.43,120884.0,"Hickory, NC",286138.15197674977,50913.53240955229,120514.7420194372,40391.8552574551
3.98,7.0,237.43,119823.0,"Hickory, NC",289106.31864633324,50466.66385882154,121764.86486388967,41302.86986598227
4.02,7.0,236.983,110240.0,"Hickory, NC",289106.31864633324,46518.10467417494,121994.53912151218,43820.90744533487
4.01,7.0,236.983,109663.0,"Hickory, NC",289106.31864633324,46274.62729394092,121994.53912151218,47214.266896686524
3.99,7.0,236.983,110523.0,"Hickory, NC",289106.31864633324,46637.5225227126,121994.53912151218,47453.97837068176
3.89,7.0,236.252,116605.0,"Hickory, NC",292960.7110829072,49356.19592638369,124003.48402676261,49028.29101264536
3.93,7.0,236.252,115421.0,"Hickory, NC",292960.7110829072,48855.03614784213,124003.48402676261,47189.96847136997
3.8,7.0,236.252,115003.0,"Hickory, NC",292960.7110829072,48678.10642872864,124003.48402676261,45269.01040783808
3.87,7.1,234.747,102919.0,"Hickory, NC",296854.8131340034,43842.519819209614,126457.34051297922,46384.333381310804
3.73,7.1,234.747,105108.0,"Hickory, NC",296854.8131340034,44775.01309920893,126457.34051297922,45201.54769665822
3.66,7.1,234.747,98775.0,"Hickory, NC",296854.8131340034,42077.215044281715,126457.34051297922,44438.282632438975
3.63,7.1,234.747,102008.0,"Hickory, NC",296854.8131340034,43454.44244228893,126457.34051297922,46917.30660141731
3.66,7.1,234.747,98674.0,"Hickory, NC",296854.8131340034,42034.19000029819,126457.34051297922,47391.01353811245
3.59,7.1,235.342,95059.0,"Hickory, NC",299986.2351591023,40391.8552574551,127468.21016185054,47420.896958240686
3.69,7.1,235.342,97203.0,"Hickory, NC",299986.2351591023,41302.86986598227,127468.21016185054,49873.2072860452
3.76,7.1,235.342,103129.0,"Hickory, NC",299986.2351591023,43820.90744533487,127468.21016185054,50478.68996333349
3.8,7.1,235.342,111115.0,"Hickory, NC",299986.2351591023,47214.266896686524,127468.21016185054,49140.298986080226
3.75,7.1,235.976,111980.0,"Hickory, NC",302357.4833180499,47453.97837068176,128130.60790845253,50338.933841628896
3.86,7.1,235.976,115695.0,"Hickory, NC",302357.4833180499,49028.29101264536,128130.60790845253,49479.291584089675
3.78,7.1,235.976,111357.0,"Hickory, NC",302357.4833180499,47189.96847136997,128130.60790845253,50017.882915293885
3.69,7.1,235.976,106824.0,"Hickory, NC",302357.4833180499,45269.01040783808,128130.60790845253,51210.778559015715
3.7,6.8,236.222,109570.0,"Hickory, NC",304448.9814067964,46384.333381310804,128882.56868826627,51892.16666526631
3.66,6.8,236.222,106776.0,"Hickory, NC",304448.9814067964,45201.54769665822,128882.56868826627,52993.6899770621
3.67,6.8,236.222,104973.0,"Hickory, NC",304448.9814067964,44438.282632438975,128882.56868826627,53088.21428871506
3.65,6.8,236.222,110829.0,"Hickory, NC",304448.9814067964,46917.30660141731,128882.56868826627,52671.046993286676
3.68,6.8,236.222,111948.0,"Hickory, NC",306826.72750091396,47391.01353811245,129889.14135893945,53039.48175470731
3.8,6.8,237.001,112388.0,"Hickory, NC",306826.72750091396,47420.896958240686,129462.20796575287,55626.320720236276
3.85,6.8,237.001,118200.0,"Hickory, NC",306826.72750091396,49873.2072860452,129462.20796575287,53864.380148970944
3.84,6.8,237.001,119635.0,"Hickory, NC",306826.72750091396,50478.68996333349,129462.20796575287,53891.68728705683
3.87,6.8,237.001,116463.0,"Hickory, NC",306826.72750091396,49140.298986080226,129462.20796575287,51576.88219700629
3.87,6.8,237.657,119634.0,"Hickory, NC",309540.66072115436,50338.933841628896,130246.80978096767,49318.31004892673
4.04,6.8,237.657,117591.0,"Hickory, NC",309540.66072115436,49479.291584089675,130246.80978096767,50229.47561663677
4.0,6.8,237.657,118871.0,"Hickory, NC",309540.66072115436,50017.882915293885,130246.80978096767,50195.79112245156
4.02,6.8,237.657,121706.0,"Hickory, NC",309540.66072115436,51210.778559015715,130246.80978096767,53461.923889885395
4.08,7.3,238.034,123521.0,"Hickory, NC",312967.6107948015,51892.16666526631,131480.21324466314,51435.43386908843
4.04,7.3,238.034,126143.0,"Hickory, NC",312967.6107948015,52993.6899770621,131480.21324466314,50390.98484434218
4.09,7.3,238.034,126368.0,"Hickory, NC",312967.6107948015,53088.21428871506,131480.21324466314,49916.923607576566
4.04,7.3,238.034,125375.0,"Hickory, NC",312967.6107948015,52671.046993286676,131480.21324466314,49016.754089672024
3.98,7.3,238.034,126252.0,"Hickory, NC",316868.03901394695,53039.48175470731,133118.8145449587,48734.925315374814
3.91,7.3,238.033,132409.0,"Hickory, NC",316868.03901394695,55626.320720236276,133119.37379016646,50836.284803186325
3.94,7.3,238.033,128215.0,"Hickory, NC",316868.03901394695,53864.380148970944,133119.37379016646,51114.41619716239
3.93,7.3,238.033,128280.0,"Hickory, NC",316868.03901394695,53891.68728705683,133119.37379016646,49090.19103677468
3.84,7.3,238.033,122770.0,"Hickory, NC",316868.03901394695,51576.88219700629,133119.37379016646,49920.298114493125
3.89,7.3,237.498,117130.0,"Hickory, NC",320826.6566192354,49318.31004892673,135086.0456169043,50248.35864586707
3.9,7.3,237.498,119294.0,"Hickory, NC",320826.6566192354,50229.47561663677,135086.0456169043,52511.976312347266
3.91,7.3,237.498,119214.0,"Hickory, NC",320826.6566192354,50195.79112245156,135086.0456169043,53311.51870996505
3.86,7.3,237.498,126971.0,"Hickory, NC",320826.6566192354,53461.923889885395,135086.0456169043,50067.50476318656
3.85,7.0,237.733,122279.0,"Hickory, NC",324456.0494757973,51435.43386908843,136479.18020459812,49076.80137343679
3.76,7.0,237.733,119796.0,"Hickory, NC",324456.0494757973,50390.98484434218,136479.18020459812,47877.568882231164
3.82,7.0,237.733,118669.0,"Hickory, NC",324456.0494757973,49916.923607576566,136479.18020459812,44929.14008718631
3.79,7.0,237.733,116529.0,"Hickory, NC",324456.0494757973,49016.754089672024,136479.18020459812,45040.22688637167
3.76,7.0,237.733,115859.0,"Hickory, NC",324456.0494757973,48734.925315374814,136479.18020459812,42918.47844406242
3.87,7.0,238.017,120999.0,"Hickory, NC",327799.757846858,50836.284803186325,137721.15346670954,40529.46034314221
3.98,7.0,238.017,121661.0,"Hickory, NC",327799.757846858,51114.41619716239,137721.15346670954,41567.22958169009
3.97,7.0,238.017,116843.0,"Hickory, NC",327799.757846858,49090.19103677468,137721.15346670954,42621.85256345434
3.93,7.0,237.761,118691.0,"Hickory, NC",330893.5745770882,49920.298114493125,139170.6691076704,44812.668010752684
3.95,7.0,237.761,119471.0,"Hickory, NC",330893.5745770882,50248.35864586707,139170.6691076704,46103.410618279566
3.97,7.0,237.761,124853.0,"Hickory, NC",330893.5745770882,52511.976312347266,139170.6691076704,48225.8064516129
3.96,7.0,237.761,126754.0,"Hickory, NC",330893.5745770882,53311.51870996505,139170.6691076704,46217.657930107525
4.01,7.0,237.761,119041.0,"Hickory, NC",333712.5054890691,50067.50476318656,140356.2844575305,47200.94086021505
3.97,7.0,237.652,116632.0,"Hickory, NC",333712.5054890691,49076.80137343679,140420.6594049573,48553.92649126331
3.92,7.0,237.652,113782.0,"Hickory, NC",333712.5054890691,47877.568882231164,140420.6594049573,49978.66037356899
3.81,7.0,237.652,106775.0,"Hickory, NC",333712.5054890691,44929.14008718631,140420.6594049573,51622.64845685212
3.79,7.0,237.652,107039.0,"Hickory, NC",333712.5054890691,45040.22688637167,140420.6594049573,53632.75758184375
3.72,7.0,237.336,101861.0,"Hickory, NC",336107.87023330556,42918.47844406242,141616.8934478147,54240.53565539725
3.65,7.0,237.336,96191.0,"Hickory, NC",336107.87023330556,40529.46034314221,141616.8934478147,52754.87670992708
3.65,7.0,237.336,98654.0,"Hickory, NC",336107.87023330556,41567.22958169009,141616.8934478147,52908.493594426385
3.62,7.0,237.336,101157.0,"Hickory, NC",336107.87023330556,42621.85256345434,141616.8934478147,50335.82821624916
3.64,7.0,238.08,106690.0,"Hickory, NC",337971.94091820397,44812.668010752684,141957.30045287465,50419.611859030396
3.68,7.0,238.08,109763.0,"Hickory, NC",337971.94091820397,46103.410618279566,141957.30045287465,51076.08795197775
3.73,7.0,238.08,114816.0,"Hickory, NC",337971.94091820397,48225.8064516129,141957.30045287465,52299.539592543566
3.71,7.0,238.08,110035.0,"Hickory, NC",337971.94091820397,46217.657930107525,141957.30045287465,54816.37818351359
3.71,7.0,238.08,112376.0,"Hickory, NC",339438.09842521674,47200.94086021505,142573.1260186562,54432.982824220926
3.59,6.7,238.992,116040.0,"Hickory, NC",339438.09842521674,48553.92649126331,142029.06307542376,56677.39826156493
3.58,6.7,238.992,119445.0,"Hickory, NC",339438.09842521674,49978.66037356899,142029.06307542376,58846.48543737844
3.59,6.7,238.992,123374.0,"Hickory, NC",339438.09842521674,51622.64845685212,142029.06307542376,58876.472817689224
3.66,6.7,238.992,128178.0,"Hickory, NC",339438.09842521674,53632.75758184375,142029.06307542376,58407.50350893999
3.61,6.7,239.557,129937.0,"Hickory, NC",340275.3284812453,54240.53565539725,142043.5756338764,55444.51142197926
3.57,6.7,239.557,126378.0,"Hickory, NC",340275.3284812453,52754.87670992708,142043.5756338764,52982.18628531045
3.58,6.7,239.557,126746.0,"Hickory, NC",340275.3284812453,52908.493594426385,142043.5756338764,52261.738967760706
3.64,6.7,239.557,120583.0,"Hickory, NC",340275.3284812453,50335.82821624916,142043.5756338764,52814.23434284645
3.66,6.7,240.222,121119.0,"Hickory, NC",340964.38811462134,50419.611859030396,141937.20313485916,53344.03091518228
3.6,6.7,240.222,122696.0,"Hickory, NC",340964.38811462134,51076.08795197775,141937.20313485916,55655.20615649982
3.54,6.7,240.222,125635.0,"Hickory, NC",340964.38811462134,52299.539592543566,141937.20313485916,53767.37320463065
3.56,6.7,240.222,131681.0,"Hickory, NC",340964.38811462134,54816.37818351359,141937.20313485916,54180.76425514977
3.48,6.7,240.222,130760.0,"Hickory, NC",341669.50191065227,54432.982824220926,142230.72903841123,53295.5186254022
3.41,6.8,240.101,136083.0,"Hickory, NC",341669.50191065227,56677.39826156493,142302.40686654876,48774.101207490654
3.42,6.8,240.101,141291.0,"Hickory, NC",341669.50191065227,58846.48543737844,142302.40686654876,50315.4202224695
3.45,6.8,240.101,141363.0,"Hickory, NC",341669.50191065227,58876.472817689224,142302.40686654876,48924.67558254495
3.48,6.8,240.101,140237.0,"Hickory, NC",341669.50191065227,58407.50350893999,142302.40686654876,49456.64988562139
3.43,6.8,240.545,133369.0,"Hickory, NC",342493.41101930576,55444.51142197926,142382.26153913228,52217.11716922976
3.45,6.8,240.545,127446.0,"Hickory, NC",342493.41101930576,52982.18628531045,142382.26153913228,52808.78913835703
3.43,6.8,240.545,125713.0,"Hickory, NC",342493.41101930576,52261.738967760706,142382.26153913228,52708.79988100452
3.43,6.8,240.545,127042.0,"Hickory, NC",342493.41101930576,52814.23434284645,142382.26153913228,51916.649150789046
3.46,6.8,241.176,128653.0,"Hickory, NC",343292.1550371232,53344.03091518228,142340.9273879338,52390.196054187945
3.44,6.8,241.176,134227.0,"Hickory, NC",343292.1550371232,55655.20615649982,142340.9273879338,53864.41474301116
3.5,6.8,241.176,129674.0,"Hickory, NC",343292.1550371232,53767.37320463065,142340.9273879338,53964.15221091589
3.48,6.8,241.176,130671.0,"Hickory, NC",343292.1550371232,54180.76425514977,142340.9273879338,52043.175608007026
3.42,6.8,241.176,128536.0,"Hickory, NC",344618.42512959335,53295.5186254022,142890.845328554,46150.9412276597
3.42,6.9,241.741,117907.0,"Hickory, NC",344618.42512959335,48774.101207490654,142556.87911011925,46561.41992791994
3.47,6.9,241.741,121633.0,"Hickory, NC",344618.42512959335,50315.4202224695,142556.87911011925,47166.8760108038
3.52,6.9,241.741,118271.0,"Hickory, NC",344618.42512959335,48924.67558254495,142556.87911011925,47089.295536454614
3.47,6.9,241.741,119557.0,"Hickory, NC",344618.42512959335,49456.64988562139,142556.87911011925,49023.38467086875
3.54,6.9,242.026,126379.0,"Hickory, NC",345430.09851917374,52217.11716922976,142724.3761080106,46139.84902010606
3.57,6.9,242.026,127811.0,"Hickory, NC",345430.09851917374,52808.78913835703,142724.3761080106,44135.39011335787
3.94,6.9,242.026,127569.0,"Hickory, NC",345430.09851917374,52708.79988100452,142724.3761080106,44885.7814971763
4.08,6.9,242.637,125969.0,"Hickory, NC",345802.0329449785,51916.649150789046,142518.26100099264,46921.58824397685
4.13,6.9,242.637,127118.0,"Hickory, NC",345802.0329449785,52390.196054187945,142518.26100099264,44771.456218326144
4.16,6.9,242.637,130695.0,"Hickory, NC",345802.0329449785,53864.41474301116,142518.26100099264,45274.54775064373
4.3,6.9,242.637,130937.0,"Hickory, NC",345802.0329449785,53964.15221091589,142518.26100099264,44519.295425844226
4.32,6.9,242.637,126276.0,"Hickory, NC",345802.0329449785,52043.175608007026,142518.26100099264,44573.41774227937
4.2,7.0,243.618,112432.0,"Hickory, NC",345018.48491722555,46150.9412276597,141622.73925458116,48265.10178424443
4.12,7.0,243.618,113432.0,"Hickory, NC",345018.48491722555,46561.41992791994,141622.73925458116,50543.21786455795
4.09,7.0,243.618,114907.0,"Hickory, NC",345018.48491722555,47166.8760108038,141622.73925458116,53003.976362958805
4.19,7.0,243.618,114718.0,"Hickory, NC",345018.48491722555,47089.295536454614,141622.73925458116,53966.32991117681
4.19,7.0,244.006,119620.0,"Hickory, NC",344568.31650484324,49023.38467086875,141213.05070565612,52375.78072490616
4.17,7.0,244.006,112584.0,"Hickory, NC",344568.31650484324,46139.84902010606,141213.05070565612,51542.18783298635
4.15,7.0,244.006,107693.0,"Hickory, NC",344568.31650484324,44135.39011335787,141213.05070565612,50899.98524614351
4.16,7.0,244.006,109524.0,"Hickory, NC",344568.31650484324,44885.7814971763,141213.05070565612,50770.06934312552
4.1,7.0,243.892,114438.0,"Hickory, NC",344451.4342619127,46921.58824397685,141231.13273986548,52896.2209671408
4.21,7.0,243.892,109194.0,"Hickory, NC",344451.4342619127,44771.456218326144,141231.13273986548,54251.053599439714
4.3,7.0,243.892,110421.0,"Hickory, NC",344451.4342619127,45274.54775064373,141231.13273986548,54690.51412376158
4.23,7.0,243.892,108579.0,"Hickory, NC",344451.4342619127,44519.295425844226,141231.13273986548,55201.238516892394
4.14,7.0,243.892,108711.0,"Hickory, NC",344665.41088664223,44573.41774227937,141318.86691102711,55748.82353182095
4.1,7.3,244.193,117860.0,"Hickory, NC",344665.41088664223,48265.10178424443,141144.67281479904,55404.2490470556
4.08,7.3,244.193,123423.0,"Hickory, NC",344665.41088664223,50543.21786455795,141144.67281479904,55138.53007046261
3.97,7.3,244.193,129432.0,"Hickory, NC",344665.41088664223,53003.976362958805,141144.67281479904,53784.96006026785
4.03,7.3,244.193,131782.0,"Hickory, NC",344665.41088664223,53966.32991117681,141144.67281479904,53609.72474134366
4.02,7.3,244.004,127799.0,"Hickory, NC",344030.96064209193,52375.78072490616,140993.98396833328,53329.55384345571
4.05,7.3,244.004,125765.0,"Hickory, NC",344030.96064209193,51542.18783298635,140993.98396833328,53760.66040467732
4.02,7.3,244.004,124198.0,"Hickory, NC",344030.96064209193,50899.98524614351,140993.98396833328,53591.399077423805
3.95,7.3,244.004,123881.0,"Hickory, NC",344030.96064209193,50770.06934312552,140993.98396833328,52838.49206511055
3.94,7.3,244.163,129153.0,"Hickory, NC",343277.0895501636,52896.2209671408,140593.41077483632,52732.856682559555
3.89,7.3,244.163,132461.0,"Hickory, NC",343277.0895501636,54251.053599439714,140593.41077483632,52925.11209852496
3.91,7.3,244.163,133534.0,"Hickory, NC",343277.0895501636,54690.51412376158,140593.41077483632,55520.116866516524
3.9,7.3,244.163,134781.0,"Hickory, NC",343277.0895501636,55201.238516892394,140593.41077483632,56372.67433603181
3.88,7.3,244.163,136118.0,"Hickory, NC",342495.26081864565,55748.82353182095,140273.20307280205,58382.53494836366
3.96,7.5,244.243,135321.0,"Hickory, NC",342495.26081864565,55404.2490470556,140227.25761583573,58756.17331506005
4.03,7.5,244.243,134672.0,"Hickory, NC",342495.26081864565,55138.53007046261,140227.25761583573,57132.25693965762
3.96,7.5,244.243,131366.0,"Hickory, NC",342495.26081864565,53784.96006026785,140227.25761583573,56678.93896020695
3.92,7.5,244.243,130938.0,"Hickory, NC",342495.26081864565,53609.72474134366,140227.25761583573,55688.77571707768
3.93,7.5,245.183,130755.0,"Hickory, NC",342856.4767170661,53329.55384345571,139836.96941348547,54071.02764432798
3.9,7.5,245.183,131812.0,"Hickory, NC",342856.4767170661,53760.66040467732,139836.96941348547,53452.305850762685
3.89,7.5,245.183,131397.0,"Hickory, NC",342856.4767170661,53591.399077423805,139836.96941348547,52470.43884764078
3.86,7.5,245.183,129551.0,"Hickory, NC",342856.4767170661,52838.49206511055,139836.96941348547,52177.65807735236
3.82,7.5,245.183,129292.0,"Hickory, NC",343331.1687377293,52732.856682559555,140030.57664590504,55369.746373156304
3.78,7.5,246.435,130426.0,"Hickory, NC",343331.1687377293,52925.11209852496,139319.15869812702,55192.99449163657
3.78,7.5,246.435,136821.0,"Hickory, NC",343331.1687377293,55520.116866516524,139319.15869812702,53103.04473275357
3.83,7.5,246.435,138922.0,"Hickory, NC",343331.1687377293,56372.67433603181,139319.15869812702,53387.13908113234
3.83,7.5,246.435,143875.0,"Hickory, NC",343331.1687377293,58382.53494836366,139319.15869812702,50250.54348044475
3.85,6.9,246.626,144908.0,"Hickory, NC",344380.2309964903,58756.17331506005,139636.62833459987,52721.01872948135
3.91,6.9,246.626,140903.0,"Hickory, NC",344380.2309964903,57132.25693965762,139636.62833459987,54534.09360320503
3.88,6.9,246.626,139785.0,"Hickory, NC",344380.2309964903,56678.93896020695,139636.62833459987,55400.44764304285
3.94,6.9,246.626,137343.0,"Hickory, NC",344380.2309964903,55688.77571707768,139636.62833459987,56806.2229239888
3.94,6.9,247.284,133709.0,"Hickory, NC",344800.25337224826,54071.02764432798,139434.9223452582,55409.99242573008
3.9,6.9,247.284,132179.0,"Hickory, NC",344800.25337224826,53452.305850762685,139434.9223452582,54965.154350796896
3.95,6.9,247.284,129751.0,"Hickory, NC",344800.25337224826,52470.43884764078,139434.9223452582,55187.57338826349
3.9,6.9,247.284,129027.0,"Hickory, NC",345036.8142283145,52177.65807735236,139530.58597738412,54535.87469999238
3.94,6.9,247.805,137209.0,"Hickory, NC",345036.8142283145,55369.746373156304,139237.2285580656,53080.61239617433
3.93,6.9,247.805,136771.0,"Hickory, NC",345036.8142283145,55192.99449163657,139237.2285580656,52756.06325903429
3.94,6.9,247.805,131592.0,"Hickory, NC",345036.8142283145,53103.04473275357,139237.2285580656,51760.378560524405
3.99,6.9,247.805,132296.0,"Hickory, NC",345036.8142283145,53387.13908113234,139237.2285580656,50638.88098662938
3.95,7.0,248.859,125053.0,"Hickory, NC",344356.94538281934,50250.54348044475,138374.31854295777,52432.79102574862
3.99,7.0,248.859,131201.0,"Hickory, NC",344356.94538281934,52721.01872948135,138374.31854295777,51967.61340702642
4.04,7.0,248.859,135713.0,"Hickory, NC",344356.94538281934,54534.09360320503,138374.31854295777,55570.74176647604
4.15,7.0,248.859,137869.0,"Hickory, NC",344356.94538281934,55400.44764304285,138374.31854295777,55783.7483564923
4.22,7.0,249.529,141748.0,"Hickory, NC",343730.6950344869,56806.2229239888,137751.8024095343,56684.82248237583
4.32,7.0,249.529,138264.0,"Hickory, NC",343730.6950344869,55409.99242573008,137751.8024095343,56684.02500877221
4.38,7.0,249.529,137154.0,"Hickory, NC",343730.6950344869,54965.154350796896,137751.8024095343,54122.93853073463
4.4,7.0,249.529,137709.0,"Hickory, NC",343730.6950344869,55187.57338826349,137751.8024095343,55502.567865003664
4.43,7.0,249.577,136109.0,"Hickory, NC",343648.89980933565,54535.87469999238,137692.53569412872,57485.48598041404
4.46,7.0,249.577,132477.0,"Hickory, NC",343648.89980933565,53080.61239617433,137692.53569412872,58212.160084137395
4.44,7.0,249.577,131667.0,"Hickory, NC",343648.89980933565,52756.06325903429,137692.53569412872,59188.982463409004
4.45,7.0,249.577,129182.0,"Hickory, NC",343648.89980933565,51760.378560524405,137692.53569412872,58397.405763730094
4.44,7.0,249.577,126383.0,"Hickory, NC",343648.89980933565,50638.88098662938,137692.53569412872,55689.233441426506
4.4,6.8,250.227,131201.0,"Hickory, NC",344197.19623238797,52432.79102574862,137553.97947958772,57014.33837286138
4.42,6.8,250.227,130037.0,"Hickory, NC",344197.19623238797,51967.61340702642,137553.97947958772,57472.91154155421
4.47,6.8,250.227,139053.0,"Hickory, NC",344197.19623238797,55570.74176647604,137553.97947958772,57278.256785051795
4.58,6.8,250.227,139586.0,"Hickory, NC",344197.19623238797,55783.7483564923,137553.97947958772,58143.2563471781
4.55,6.8,250.792,142161.0,"Hickory, NC",345257.5016642863,56684.82248237583,137666.87201517046,57797.9281817351
4.55,6.8,250.792,142159.0,"Hickory, NC",345257.5016642863,56684.02500877221,137666.87201517046,57509.84451429093
4.61,6.8,250.792,135736.0,"Hickory, NC",345257.5016642863,54122.93853073463,137666.87201517046,59055.56239892237
4.66,6.8,250.792,139196.0,"Hickory, NC",345257.5016642863,55502.567865003664,137666.87201517046,57897.2673774055
4.56,6.8,250.792,144169.0,"Hickory, NC",346058.28547835775,57485.48598041404,137986.17399213603,57702.95991067419
4.54,6.8,251.018,146123.0,"Hickory, NC",346058.28547835775,58212.160084137395,137861.94037015582,57243.974589780395
4.62,6.8,251.018,148575.0,"Hickory, NC",346058.28547835775,59188.982463409004,137861.94037015582,56913.657596497775
4.57,6.8,251.018,146588.0,"Hickory, NC",346058.28547835775,58397.405763730094,137861.94037015582,58646.9295984646
4.55,6.8,251.018,139790.0,"Hickory, NC",346058.28547835775,55689.233441426506,137861.94037015582,59163.61992529205
4.52,7.1,251.214,143228.0,"Hickory, NC",347286.17791202065,57014.33837286138,138243.16236834758,58983.58995458358
4.53,7.1,251.214,144380.0,"Hickory, NC",347286.17791202065,57472.91154155421,138243.16236834758,59939.78763470637
4.52,7.1,251.214,143891.0,"Hickory, NC",347286.17791202065,57278.256785051795,138243.16236834758,58084.36060956119
4.54,7.1,251.214,146064.0,"Hickory, NC",347286.17791202065,58143.2563471781,138243.16236834758,55595.160856423965
4.6,7.1,251.663,145456.0,"Hickory, NC",348363.01503872825,57797.9281817351,138424.40686105157,54953.40348543513
4.59,7.1,251.663,144731.0,"Hickory, NC",348363.01503872825,57509.84451429093,138424.40686105157,52109.70965264417
4.53,7.1,251.663,148621.0,"Hickory, NC",348363.01503872825,59055.56239892237,138424.40686105157,52918.517462805925
4.51,7.1,251.663,145706.0,"Hickory, NC",348363.01503872825,57897.2673774055,138424.40686105157,55338.21072551209
4.52,7.1,251.663,145217.0,"Hickory, NC",349187.85893219797,57702.95991067419,138752.16417677526,56795.388638548546
4.54,7.1,252.182,144359.0,"Hickory, NC",349187.85893219797,57243.974589780395,138466.60702674973,58128.632297728735
4.6,7.1,252.182,143526.0,"Hickory, NC",349187.85893219797,56913.657596497775,138466.60702674973,58238.21938781566
4.65,7.1,252.182,147897.0,"Hickory, NC",349187.85893219797,58646.9295984646,138466.60702674973,58677.75461195488
4.72,7.1,252.182,149200.0,"Hickory, NC",349187.85893219797,59163.61992529205,138466.60702674973,60636.44030551035
4.71,6.6,252.772,149094.0,"Hickory, NC",349747.5816907669,58983.58995458358,138364.8432938644,61123.0554202747
4.9,6.6,252.772,151511.0,"Hickory, NC",349747.5816907669,59939.78763470637,138364.8432938644,62569.04272631166
4.85,6.6,252.772,146821.0,"Hickory, NC",349747.5816907669,58084.36060956119,138364.8432938644,58992.085080436016
4.86,6.6,252.772,140529.0,"Hickory, NC",349747.5816907669,55595.160856423965,138364.8432938644,55514.50936605414
4.83,6.6,252.594,138809.0,"Hickory, NC",350867.5452036722,54953.40348543513,138905.73220411895,52567.316308685884
4.94,6.6,252.594,131626.0,"Hickory, NC",350867.5452036722,52109.70965264417,138905.73220411895,50440.74862130358
4.94,6.6,252.594,133669.0,"Hickory, NC",350867.5452036722,52918.517462805925,138905.73220411895,52530.603705209636
4.81,6.6,252.594,139781.0,"Hickory, NC",352579.5831382705,55338.21072551209,139583.51470671137,54883.76316028407
4.75,6.6,252.767,143560.0,"Hickory, NC",352579.5831382705,56795.388638548546,139487.9802894644,55981.469027871186
4.63,6.6,252.767,146930.0,"Hickory, NC",352579.5831382705,58128.632297728735,139487.9802894644,56659.076518914415
4.62,6.6,252.767,147207.0,"Hickory, NC",352579.5831382705,58238.21938781566,139487.9802894644,58461.048384242386
4.55,6.6,252.767,148318.0,"Hickory, NC",352579.5831382705,58677.75461195488,139487.9802894644,59452.09358298234
4.51,7.0,252.561,153144.0,"Hickory, NC",353762.1542163798,60636.44030551035,140069.98476264338,58370.195076655444
4.45,7.0,252.561,154373.0,"Hickory, NC",353762.1542163798,61123.0554202747,140069.98476264338,58043.43482229963
4.45,7.0,252.561,158025.0,"Hickory, NC",353762.1542163798,62569.04272631166,140069.98476264338,60014.57491782019
4.45,7.0,252.561,148991.0,"Hickory, NC",353762.1542163798,58992.085080436016,140069.98476264338,58897.94814933806
4.46,7.0,252.561,140208.0,"Hickory, NC",354293.79959042463,55514.50936605414,140280.48653213467,61190.14790674355
4.41,7.0,253.319,133163.0,"Hickory, NC",354293.79959042463,52567.316308685884,139860.7288006129,61747.93181248433
4.37,7.0,253.319,127776.0,"Hickory, NC",354293.79959042463,50440.74862130358,139860.7288006129,60182.689897217344
4.35,7.0,253.319,133070.0,"Hickory, NC",354293.79959042463,52530.603705209636,139860.7288006129,62385.23126096766
4.35,7.0,253.319,139031.0,"Hickory, NC",354140.4342202143,54883.76316028407,139800.18641326326,62136.5003760341
4.41,7.0,254.277,142348.0,"Hickory, NC",354140.4342202143,55981.469027871186,139273.48294191546,61733.14055318499
4.31,7.0,254.277,144071.0,"Hickory, NC",354140.4342202143,56659.076518914415,139273.48294191546,63698.94950492334
4.28,7.0,254.277,148653.0,"Hickory, NC",354140.4342202143,58461.048384242386,139273.48294191546,61904.37007519209
4.06,7.0,254.277,151173.0,"Hickory, NC",354140.4342202143,59452.09358298234,139273.48294191546,61788.388522528236
4.08,6.8,255.233,148980.0,"Hickory, NC",353726.8976140684,58370.195076655444,138589.7974063183,60703.200131351594
4.12,6.8,255.233,148146.0,"Hickory, NC",353726.8976140684,58043.43482229963,138589.7974063183,61672.309051532044
4.17,6.8,255.233,153177.0,"Hickory, NC",353726.8976140684,60014.57491782019,138589.7974063183,63363.06987435595
4.2,6.8,255.233,150327.0,"Hickory, NC",353726.8976140684,58897.94814933806,138589.7974063183,66417.61314815104
4.14,6.8,255.296,156216.0,"Hickory, NC",352545.6691353629,61190.14790674355,138092.9075016306,64839.31947069943
4.1,6.8,255.296,157640.0,"Hickory, NC",352545.6691353629,61747.93181248433,138092.9075016306,64827.99293849303
4.07,6.8,255.296,153644.0,"Hickory, NC",352545.6691353629,60182.689897217344,138092.9075016306,63837.507225546404
4.06,6.8,255.296,159267.0,"Hickory, NC",352545.6691353629,62385.23126096766,138092.9075016306,63898.04558733928
3.99,6.8,255.296,158632.0,"Hickory, NC",351572.39355717134,62136.5003760341,137711.67333494115,65961.47096673555
3.82,6.8,255.213,157551.0,"Hickory, NC",351572.39355717134,61733.14055318499,137756.4597246893,64485.044651561824
3.82,6.8,255.213,162568.0,"Hickory, NC",351572.39355717134,63698.94950492334,137756.4597246893,62918.53527278399
3.84,6.8,255.213,157988.0,"Hickory, NC",351572.39355717134,61904.37007519209,137756.4597246893,62202.16043364661
3.73,6.8,255.213,157692.0,"Hickory, NC",351572.39355717134,61788.388522528236,137756.4597246893,59507.68991464292
3.75,6.8,255.802,155280.0,"Hickory, NC",350606.6630469107,60703.200131351594,137061.7364394769,61768.972020765694
3.81,6.8,255.802,157759.0,"Hickory, NC",350606.6630469107,61672.309051532044,137061.7364394769,62772.257976706656
3.75,6.8,255.802,162084.0,"Hickory, NC",350606.6630469107,63363.06987435595,137061.7364394769,61913.2429857479
3.75,6.8,256.036,170053.0,"Hickory, NC",350519.5941580288,66417.61314815104,136902.4645589014,63686.492582294726
3.6,6.8,256.036,166012.0,"Hickory, NC",350519.5941580288,64839.31947069943,136902.4645589014,61659.925779144476
3.6,6.8,256.036,165983.0,"Hickory, NC",350519.5941580288,64827.99293849303,136902.4645589014,61856.52961272534
3.55,6.8,256.036,163447.0,"Hickory, NC",350519.5941580288,63837.507225546404,136902.4645589014,64301.862501405696
3.58,6.8,256.036,163602.0,"Hickory, NC",350519.5941580288,63898.04558733928,136902.4645589014,63538.64594207941
3.49,6.8,256.43,169145.0,"Hickory, NC",350598.03437839256,65961.47096673555,136722.70575922963,62767.66036422689
3.56,6.8,256.43,165359.0,"Hickory, NC",350598.03437839256,64485.044651561824,136722.70575922963,61598.03580404439
3.73,6.8,256.43,161342.0,"Hickory, NC",350598.03437839256,62918.53527278399,136722.70575922963,63656.961682712754
3.64,6.8,256.43,159505.0,"Hickory, NC",350598.03437839256,62202.16043364661,136722.70575922963,64459.68807211884
3.65,6.4,257.155,153027.0,"Hickory, NC",351225.7212677722,59507.68991464292,136581.3308190672,66783.69755818714
3.57,6.4,257.155,158842.0,"Hickory, NC",351225.7212677722,61768.972020765694,136581.3308190672,64677.527751384674
3.69,6.4,257.155,161422.0,"Hickory, NC",351225.7212677722,62772.257976706656,136581.3308190672,62273.180227572935
3.75,6.4,257.155,159213.0,"Hickory, NC",351225.7212677722,61913.2429857479,136581.3308190672,61482.93202938518
3.78,6.4,257.155,163773.0,"Hickory, NC",352409.12054819445,63686.492582294726,137041.51991919056,58772.3629294184
3.69,6.4,257.879,159008.0,"Hickory, NC",352409.12054819445,61659.925779144476,136656.77335036758,59771.79975775905
3.75,6.4,257.879,159515.0,"Hickory, NC",352409.12054819445,61856.52961272534,136656.77335036758,58942.08589525008
3.66,6.4,257.879,165821.0,"Hickory, NC",352409.12054819445,64301.862501405696,136656.77335036758,59941.13698957747
3.68,6.4,258.63,164330.0,"Hickory, NC",354197.17506512656,63538.64594207941,136951.31077799425,62570.21111756732
3.73,6.4,258.63,162336.0,"Hickory, NC",354197.17506512656,62767.66036422689,136951.31077799425,62494.28626767384
3.73,6.4,258.63,159311.0,"Hickory, NC",354197.17506512656,61598.03580404439,136951.31077799425,65830.33120278908
3.74,6.4,258.63,164636.0,"Hickory, NC",354197.17506512656,63656.961682712754,136951.31077799425,65751.30737943057
3.72,6.6,258.906,166890.0,"Hickory, NC",356051.490752283,64459.68807211884,137521.5293397152,65581.39353287056
3.64,6.6,258.906,172907.0,"Hickory, NC",356051.490752283,66783.69755818714,137521.5293397152,67587.82786597223
3.65,6.6,258.906,167454.0,"Hickory, NC",356051.490752283,64677.527751384674,137521.5293397152,67876.35773017969
3.6,6.6,258.906,161229.0,"Hickory, NC",356051.490752283,62273.180227572935,137521.5293397152,67570.64882128328
3.51,6.6,258.906,159183.0,"Hickory, NC",357342.479075866,61482.93202938518,138020.16140061102,66621.89703505306
3.45,6.6,259.246,152365.0,"Hickory, NC",357342.479075866,58772.3629294184,137839.14856000323,66901.83233795066
3.47,6.6,259.246,154956.0,"Hickory, NC",357342.479075866,59771.79975775905,137839.14856000323,63758.55976986335
3.49,6.6,259.246,152805.0,"Hickory, NC",357342.479075866,58942.08589525008,137839.14856000323,63753.47862793533
3.45,6.6,259.246,155395.0,"Hickory, NC",357342.479075866,59941.13698957747,137839.14856000323,65953.2222256965
3.29,6.6,258.15,161525.0,"Hickory, NC",357622.4560272321,62570.21111756732,138532.81271634015,64812.60992046816
3.36,6.6,258.15,161329.0,"Hickory, NC",357622.4560272321,62494.28626767384,138532.81271634015,67699.33541890398
3.65,6.6,258.15,169941.0,"Hickory, NC",357622.4560272321,65830.33120278908,138532.81271634015,70594.23199638916
3.5,6.6,258.15,169737.0,"Hickory, NC",357622.4560272321,65751.30737943057,138532.81271634015,70715.24178612005
3.33,5.7,256.126,167971.0,"Hickory, NC",357236.0029899509,65581.39353287056,139476.66499689643,72006.28463515062
3.33,5.7,256.126,173110.0,"Hickory, NC",357236.0029899509,67587.82786597223,139476.66499689643,73258.95483111977
3.31,5.7,256.126,173849.0,"Hickory, NC",357236.0029899509,67876.35773017969,139476.66499689643,71464.89272777931
3.33,5.7,256.126,173066.0,"Hickory, NC",357236.0029899509,67570.64882128328,139476.66499689643,70004.79861304603
3.23,5.7,256.126,170636.0,"Hickory, NC",355824.0191140538,66621.89703505306,138925.3801308941,69439.41364044456
3.26,5.7,255.848,171167.0,"Hickory, NC",355824.0191140538,66901.83233795066,139076.33403976337,67890.54849132114
3.28,5.7,255.848,163125.0,"Hickory, NC",355824.0191140538,63758.55976986335,139076.33403976337,68958.53735647695
3.24,5.7,255.848,163112.0,"Hickory, NC",355824.0191140538,63753.47862793533,139076.33403976337,72608.59171980908
3.15,5.7,255.848,168740.0,"Hickory, NC",355824.0191140538,65953.2222256965,139076.33403976337,73288.7117046953
3.18,5.7,257.004,166571.0,"Hickory, NC",354380.39773176535,64812.60992046816,137889.05920988208,72691.77652711472
3.21,5.7,257.004,173990.0,"Hickory, NC",354380.39773176535,67699.33541890398,137889.05920988208,71173.79813888001
3.13,5.7,257.004,181430.0,"Hickory, NC",354380.39773176535,70594.23199638916,137889.05920988208,70235.54439105831
3.13,5.7,257.004,181741.0,"Hickory, NC",354380.39773176535,70715.24178612005,137889.05920988208,70986.45513962247
3.07,6.4,258.408,186070.0,"Hickory, NC",353879.161865372,72006.28463515062,136945.900229626,72961.66363751637
3.03,6.4,258.408,189307.0,"Hickory, NC",353879.161865372,73258.95483111977,136945.900229626,74058.68994693542
2.98,6.4,258.408,184671.0,"Hickory, NC",353879.161865372,71464.89272777931,136945.900229626,72475.59068430618
3.01,6.4,258.408,180898.0,"Hickory, NC",353879.161865372,70004.79861304603,136945.900229626,70163.9583629524
2.99,6.4,258.408,179437.0,"Hickory, NC",355334.7770039277,69439.41364044456,137509.20134203573,70248.1085422038
2.88,6.4,259.366,176085.0,"Hickory, NC",355334.7770039277,67890.54849132114,137001.2943114856,70861.84097050538
2.96,6.4,259.366,178855.0,"Hickory, NC",355334.7770039277,68958.53735647695,137001.2943114856,71099.48446693114
2.99,6.4,259.366,188322.0,"Hickory, NC",355334.7770039277,72608.59171980908,137001.2943114856,73088.40721363001
2.91,6.4,259.366,190086.0,"Hickory, NC",355334.7770039277,73288.7117046953,137001.2943114856,74235.60619072156
2.93,6.4,259.951,188963.0,"Hickory, NC",358651.7094658948,72691.77652711472,137968.96702297538,74328.73418446213
2.86,6.4,259.951,185017.0,"Hickory, NC",358651.7094658948,71173.79813888001,137968.96702297538,73405.85103337723
2.87,6.4,259.951,182578.0,"Hickory, NC",358651.7094658948,70235.54439105831,137968.96702297538,70641.78164538844
2.9,6.4,259.951,184530.0,"Hickory, NC",358651.7094658948,70986.45513962247,137968.96702297538,67473.90316978685
2.88,6.5,260.249,189882.0,"Hickory, NC",362957.1334719206,72961.66363751637,139465.33261296703,66422.87386007818
2.87,6.5,260.249,192737.0,"Hickory, NC",362957.1334719206,74058.68994693542,139465.33261296703,67070.82942883918
2.81,6.5,260.249,188617.0,"Hickory, NC",362957.1334719206,72475.59068430618,139465.33261296703,66176.03364340731
2.8,6.5,260.249,182601.0,"Hickory, NC",362957.1334719206,70163.9583629524,139465.33261296703,69230.68132470916
2.81,6.5,260.249,182820.0,"Hickory, NC",362957.1334719206,70248.1085422038,139465.33261296703,71280.77303923242
2.78,6.5,260.895,184875.0,"Hickory, NC",368130.4895872885,70861.84097050538,141102.9301394387,68600.02352200255
2.84,6.5,260.895,185495.0,"Hickory, NC",368130.4895872885,71099.48446693114,141102.9301394387,71264.8387794357
2.72,6.5,260.895,190684.0,"Hickory, NC",368130.4895872885,73088.40721363001,141102.9301394387,69157.3432277499
2.71,6.5,262.005,194501.0,"Hickory, NC",373420.2475962104,74235.60619072156,142524.09213419986,67005.3980597184
2.71,6.5,262.005,194745.0,"Hickory, NC",373420.2475962104,74328.73418446213,142524.09213419986,69829.37601449549
2.67,6.5,262.005,192327.0,"Hickory, NC",373420.2475962104,73405.85103337723,142524.09213419986,69431.12755275375
2.66,6.5,262.005,185085.0,"Hickory, NC",373420.2475962104,70641.78164538844,142524.09213419986,70001.50994677437
2.67,6.5,262.005,176785.0,"Hickory, NC",378507.5278354028,67473.90316978685,144465.76509433135,70785.97348848368
2.65,6.8,262.518,174372.0,"Hickory, NC",378507.5278354028,66422.87386007818,144183.45707166856,70640.52003358924
2.79,6.8,262.518,176073.0,"Hickory, NC",378507.5278354028,67070.82942883918,144183.45707166856,70773.97732725527
2.77,6.8,262.518,173724.0,"Hickory, NC",378507.5278354028,66176.03364340731,144183.45707166856,70358.23536468329
2.73,6.8,262.518,181743.0,"Hickory, NC",378507.5278354028,69230.68132470916,144183.45707166856,69242.21749040307
2.73,6.8,263.583,187884.0,"Hickory, NC",382986.7759938186,71280.77303923242,145300.25684274727,68631.26368959814
2.73,6.8,263.583,180818.0,"Hickory, NC",382986.7759938186,68600.02352200255,145300.25684274727,69762.93713587531
2.81,6.8,263.583,187842.0,"Hickory, NC",382986.7759938186,71264.8387794357,145300.25684274727,69711.53129796016
2.97,6.8,263.583,182287.0,"Hickory, NC",382986.7759938186,69157.3432277499,145300.25684274727,71475.72005423688
3.02,6.8,264.91,177504.0,"Hickory, NC",387553.194131721,67005.3980597184,146296.17384459663,74918.71841101884
3.05,6.8,264.91,184985.0,"Hickory, NC",387553.194131721,69829.37601449549,146296.17384459663,76703.21875092365
3.09,6.8,264.91,183930.0,"Hickory, NC",387553.194131721,69431.12755275375,146296.17384459663,79228.12047409333
3.17,6.8,264.91,185441.0,"Hickory, NC",387553.194131721,70001.50994677437,146296.17384459663,79453.86161440014
3.18,6.2,266.752,188823.0,"Hickory, NC",393654.3916608032,70785.97348848368,147573.17345729485,75204.60010147282
3.13,6.2,266.752,188435.0,"Hickory, NC",393654.3916608032,70640.52003358924,147573.17345729485,72285.05040552365
3.04,6.2,266.752,188791.0,"Hickory, NC",393654.3916608032,70773.97732725527,147573.17345729485,69711.09656830665
2.97,6.2,266.752,187682.0,"Hickory, NC",393654.3916608032,70358.23536468329,147573.17345729485,69991.98511731876
2.98,6.2,266.752,184705.0,"Hickory, NC",402637.2779776188,69242.21749040307,150940.67822457518,71450.84082737118
2.96,6.2,268.452,184242.0,"Hickory, NC",402637.2779776188,68631.26368959814,149984.83079940503,71484.18741224903
2.94,6.2,268.452,187280.0,"Hickory, NC",402637.2779776188,69762.93713587531,149984.83079940503,72978.74914311062
3.0,6.2,268.452,187142.0,"Hickory, NC",402637.2779776188,69711.53129796016,149984.83079940503,72165.29992045135
2.95,6.2,268.452,191878.0,"Hickory, NC",402637.2779776188,71475.72005423688,149984.83079940503,70222.40632870093
2.99,6.2,270.664,202778.0,"Hickory, NC",414944.43772600155,74918.71841101884,153306.1056239476,70634.60478226421
2.96,6.2,270.664,207608.0,"Hickory, NC",414944.43772600155,76703.21875092365,153306.1056239476,70248.31408573608
2.93,6.2,270.664,214442.0,"Hickory, NC",414944.43772600155,79228.12047409333,153306.1056239476,71621.14302613852
3.02,6.2,270.664,215053.0,"Hickory, NC",414944.43772600155,79453.86161440014,153306.1056239476,72557.6606410673
2.98,5.8,271.994,204552.0,"Hickory, NC",428689.4969036805,75204.60010147282,157609.90937435403,75183.19598958694
2.9,5.8,271.994,196611.0,"Hickory, NC",428689.4969036805,72285.05040552365,157609.90937435403,74676.77637338387
2.88,5.8,271.994,189610.0,"Hickory, NC",428689.4969036805,69711.09656830665,157609.90937435403,73908.4193695421
2.78,5.8,271.994,190374.0,"Hickory, NC",428689.4969036805,69991.98511731876,157609.90937435403,74882.61212441305
2.8,5.8,271.994,194342.0,"Hickory, NC",428689.4969036805,71450.84082737118,157609.90937435403,72322.14561161073
2.77,5.8,272.789,195001.0,"Hickory, NC",442341.510239522,71484.18741224903,162155.1859640682,74103.9243325837
2.87,5.8,272.789,199078.0,"Hickory, NC",442341.510239522,72978.74914311062,162155.1859640682,75080.25495069927
2.86,5.8,272.789,196859.0,"Hickory, NC",442341.510239522,72165.29992045135,162155.1859640682,75635.30953534087
2.87,5.8,272.789,191559.0,"Hickory, NC",442341.510239522,70222.40632870093,162155.1859640682,76541.62274579072
2.87,5.8,273.887,193459.0,"Hickory, NC",454968.5505345315,70634.60478226421,166115.42370924194,75585.45340588587
2.88,5.8,273.887,192401.0,"Hickory, NC",454968.5505345315,70248.31408573608,166115.42370924194,74987.53596763626
2.86,5.8,273.887,196161.0,"Hickory, NC",454968.5505345315,71621.14302613852,166115.42370924194,75483.96057092391
2.88,5.8,273.887,198726.0,"Hickory, NC",454968.5505345315,72557.6606410673,166115.42370924194,76194.62445554021
3.01,5.8,273.887,205917.0,"Hickory, NC",467789.0499865629,75183.19598958694,170796.3685704553,76625.23460462481
2.99,5.6,276.434,206432.0,"Hickory, NC",467789.0499865629,74676.77637338387,169222.68967875256,74968.66036332732
3.05,5.6,276.434,204308.0,"Hickory, NC",467789.0499865629,73908.4193695421,169222.68967875256,72577.28673111655
3.09,5.6,276.434,207001.0,"Hickory, NC",467789.0499865629,74882.61212441305,169222.68967875256,72516.91356072188
3.14,5.6,276.434,199923.0,"Hickory, NC",467789.0499865629,72322.14561161073,169222.68967875256,69558.75375612843
3.09,5.6,278.799,206601.0,"Hickory, NC",480819.0356949104,74103.9243325837,172460.81789924297,68316.7272918973
3.1,5.6,278.799,209323.0,"Hickory, NC",480819.0356949104,75080.25495069927,172460.81789924297,70248.2998576625
3.11,5.6,280.808,212390.0,"Hickory, NC",493472.69637445314,75635.30953534087,175733.1330925234,68837.74469402163
3.1,5.6,280.808,214935.0,"Hickory, NC",493472.69637445314,76541.62274579072,175733.1330925234,70333.46896050467
3.12,5.6,280.808,212250.0,"Hickory, NC",493472.69637445314,75585.45340588587,175733.1330925234,73695.28399981916
3.05,5.6,280.808,210571.0,"Hickory, NC",493472.69637445314,74987.53596763626,175733.1330925234,73529.7492983902
3.11,5.6,280.808,211965.0,"Hickory, NC",507663.2695630901,75483.96057092391,180786.61204919024,72946.20469965537
3.22,5.8,282.39,215166.0,"Hickory, NC",507663.2695630901,76194.62445554021,179773.81265734983,73556.6067792384
3.45,5.8,282.39,216382.0,"Hickory, NC",507663.2695630901,76625.23460462481,179773.81265734983,72948.84403873059
3.56,5.8,282.39,211704.0,"Hickory, NC",507663.2695630901,74968.66036332732,179773.81265734983,73439.90248091867
3.55,5.8,282.39,204951.0,"Hickory, NC",507663.2695630901,72577.28673111655,179773.81265734983,76172.58384009087
3.55,5.8,284.535,206336.0,"Hickory, NC",523491.06993535947,72516.91356072188,183981.25711612258,74799.81740739089
3.69,5.8,284.535,197919.0,"Hickory, NC",523491.06993535947,69558.75375612843,183981.25711612258,74038.55724381263
3.92,5.8,284.535,194385.0,"Hickory, NC",523491.06993535947,68316.7272918973,183981.25711612258,76463.05760247666
3.89,5.8,284.535,199881.0,"Hickory, NC",523491.06993535947,70248.2998576625,183981.25711612258,76970.67878459221
3.76,5.8,287.553,197945.0,"Hickory, NC",542845.9528213277,68837.74469402163,188781.18218948427,77086.12998142348
3.85,5.8,287.553,202246.0,"Hickory, NC",542845.9528213277,70333.46896050467,188781.18218948427,79694.63992732106
4.16,5.8,287.553,211913.0,"Hickory, NC",542845.9528213277,73695.28399981916,188781.18218948427,78207.50111865925
4.42,5.8,287.553,211437.0,"Hickory, NC",542845.9528213277,73529.7492983902,188781.18218948427,77257.6577309523
4.67,5.8,287.553,209759.0,"Hickory, NC",563637.9968259282,72946.20469965537,196011.86453486077,77994.95586380833
4.72,5.6,288.764,212405.0,"Hickory, NC",563637.9968259282,73556.6067792384,195189.84251012182,77378.91428823264
5.0,5.6,288.764,210650.0,"Hickory, NC",563637.9968259282,72948.84403873059,195189.84251012182,76766.3241540866
5.11,5.6,288.764,212068.0,"Hickory, NC",563637.9968259282,73439.90248091867,195189.84251012182,73918.9835139689
5.1,5.6,288.764,219959.0,"Hickory, NC",563637.9968259282,76172.58384009087,195189.84251012182,74117.30406099459
5.27,5.6,291.359,217936.0,"Hickory, NC",583373.208548112,74799.81740739089,200224.88014721082,74132.224966041
5.3,5.6,291.359,215718.0,"Hickory, NC",583373.208548112,74038.55724381263,200224.88014721082,74123.41764648097
5.25,5.6,291.359,222782.0,"Hickory, NC",583373.208548112,76463.05760247666,200224.88014721082,78608.7145039616
5.1,5.6,291.359,224261.0,"Hickory, NC",583373.208548112,76970.67878459221,200224.88014721082,80318.01198472946
5.09,5.6,294.996,227401.0,"Hickory, NC",599709.4630760937,77086.12998142348,203294.09994579374,80573.05604016993
5.23,5.6,294.996,235096.0,"Hickory, NC",599709.4630760937,79694.63992732106,203294.09994579374,80829.85479565771
5.78,5.6,294.996,230709.0,"Hickory, NC",599709.4630760937,78207.50111865925,203294.09994579374,78936.76541551793
5.81,5.6,294.996,227907.0,"Hickory, NC",599709.4630760937,77257.6577309523,203294.09994579374,77913.6197826153
5.7,5.6,294.996,230082.0,"Hickory, NC",608536.9903299942,77994.95586380833,206286.522640983,77379.43787731027
5.3,6.0,294.977,228250.0,"Hickory, NC",608536.9903299942,77378.91428823264,206299.80992755172,77836.11928974059
5.51,6.0,294.977,226443.0,"Hickory, NC",608536.9903299942,76766.3241540866,206299.80992755172,75741.53218090197
5.54,6.0,294.977,218044.0,"Hickory, NC",608536.9903299942,73918.9835139689,206299.80992755172,74104.53799229847
5.3,6.0,294.977,218629.0,"Hickory, NC",608536.9903299942,74117.30406099459,206299.80992755172,74225.73464982223
4.99,6.0,295.209,218845.0,"Hickory, NC",611079.8412652145,74132.224966041,206999.0553354452,72775.97706999544
5.22,6.0,295.209,218819.0,"Hickory, NC",611079.8412652145,74123.41764648097,206999.0553354452,75178.13613350833
5.13,6.0,295.209,232060.0,"Hickory, NC",611079.8412652145,78608.7145039616,206999.0553354452,73849.48166403257
5.55,6.0,295.209,237106.0,"Hickory, NC",611079.8412652145,80318.01198472946,206999.0553354452,73060.9881798589
5.66,6.0,296.341,238771.0,"Hickory, NC",608297.6797102332,80573.05604016993,205269.49686686395,75143.9031899656
5.89,6.0,296.341,239532.0,"Hickory, NC",608297.6797102332,80829.85479565771,205269.49686686395,75774.3999571637
6.02,6.0,296.341,233922.0,"Hickory, NC",608297.6797102332,78936.76541551793,205269.49686686395,75877.14014162752
6.29,6.0,296.341,230890.0,"Hickory, NC",608297.6797102332,77913.6197826153,205269.49686686395,76453.0875600712
6.7,6.0,296.341,229307.0,"Hickory, NC",605505.0783521314,77379.43787731027,204327.1360871872,74700.688516294
6.66,5.8,297.863,231845.0,"Hickory, NC",605505.0783521314,77836.11928974059,203283.07925191495,73761.80266084247
6.92,5.8,297.863,225606.0,"Hickory, NC",605505.0783521314,75741.53218090197,203283.07925191495,74720.66481109084
6.94,5.8,297.863,220730.0,"Hickory, NC",605505.0783521314,74104.53799229847,203283.07925191495,73878.9969236506
7.08,5.8,297.863,221091.0,"Hickory, NC",605505.0783521314,74225.73464982223,203283.07925191495,72927.83963331112
6.95,5.8,298.648,217344.0,"Hickory, NC",603607.8572099525,72775.97706999544,202113.47714029643,73407.42730731089
7.08,5.8,298.648,224518.0,"Hickory, NC",603607.8572099525,75178.13613350833,202113.47714029643,70798.21829530793
6.61,5.8,298.648,220550.0,"Hickory, NC",603607.8572099525,73849.48166403257,202113.47714029643,70604.8575664408
6.49,5.8,298.812,218315.0,"Hickory, NC",603163.7983336304,73060.9881798589,201853.94105110585,70789.47717270268
6.33,5.8,298.812,224539.0,"Hickory, NC",603163.7983336304,75143.9031899656,201853.94105110585,73977.94156636088
6.31,5.8,298.812,226423.0,"Hickory, NC",603163.7983336304,75774.3999571637,201853.94105110585,76112.20107110663
6.27,5.8,298.812,226730.0,"Hickory, NC",603163.7983336304,75877.14014162752,201853.94105110585,76351.80815525743
6.42,5.8,298.812,228451.0,"Hickory, NC",603163.7983336304,76453.0875600712,201853.94105110585,77161.43485868815
6.48,6.4,300.356,224368.0,"Hickory, NC",602045.1707344471,74700.688516294,200443.86352676392,76265.54291295969
6.33,6.4,300.356,221548.0,"Hickory, NC",602045.1707344471,73761.80266084247,200443.86352676392,77850.85403521742
6.15,6.4,300.356,224428.0,"Hickory, NC",602045.1707344471,74720.66481109084,200443.86352676392,78523.3902690145
6.13,6.4,300.356,221900.0,"Hickory, NC",602045.1707344471,73878.9969236506,200443.86352676392,76937.08915230076
6.09,6.4,301.509,219884.0,"Hickory, NC",601196.7394065593,72927.83963331112,199395.95149947738,77431.47693372669
6.12,6.4,301.509,221330.0,"Hickory, NC",601196.7394065593,73407.42730731089,199395.95149947738,75889.11047747762
6.32,6.4,301.509,213463.0,"Hickory, NC",601196.7394065593,70798.21829530793,199395.95149947738,77766.71666144743
6.5,6.4,301.509,212880.0,"Hickory, NC",601196.7394065593,70604.8575664408,199395.95149947738,81677.18754635505
6.65,6.4,301.744,213603.0,"Hickory, NC",600587.1818359342,70789.47717270268,199038.64926425516,81559.39250599501
6.73,6.4,301.744,223224.0,"Hickory, NC",600587.1818359342,73977.94156636088,199038.64926425516,83397.53226119479
6.6,6.4,301.744,229664.0,"Hickory, NC",600587.1818359342,76112.20107110663,199038.64926425516,83233.71808830835
6.42,6.4,301.744,230387.0,"Hickory, NC",600587.1818359342,76351.80815525743,199038.64926425516,83750.16036025962
6.32,6.4,301.744,232830.0,"Hickory, NC",601151.3199290736,77161.43485868815,199225.6084392974,83136.02168399654
6.28,6.3,303.032,231109.0,"Hickory, NC",601151.3199290736,76265.54291295969,198378.8246551762,81802.06678309283
6.27,6.3,303.032,235913.0,"Hickory, NC",601151.3199290736,77850.85403521742,198378.8246551762,80978.76754599053
6.39,6.3,303.032,237951.0,"Hickory, NC",601151.3199290736,78523.3902690145,198378.8246551762,77915.03079165409
6.43,6.3,303.032,233144.0,"Hickory, NC",601151.3199290736,76937.08915230076,198378.8246551762,78762.29368278688
6.39,6.3,303.365,234900.0,"Hickory, NC",602435.3040080507,77431.47693372669,198584.31394790128,80555.02029805315
6.35,6.3,303.365,230221.0,"Hickory, NC",602435.3040080507,75889.11047747762,198584.31394790128,81934.8959949312
6.39,6.3,303.365,235917.0,"Hickory, NC",602435.3040080507,77766.71666144743,198584.31394790128,82664.51547583667
6.57,6.3,303.365,247780.0,"Hickory, NC",602435.3040080507,81677.18754635505,198584.31394790128,84599.60742944671
6.79,6.3,304.003,247943.0,"Hickory, NC",604405.5273945878,81559.39250599501,198815.64569908447,82301.33872437432
6.71,6.3,304.003,253531.0,"Hickory, NC",604405.5273945878,83397.53226119479,198815.64569908447,79794.19957824581
6.69,6.3,304.003,253033.0,"Hickory, NC",604405.5273945878,83233.71808830835,198815.64569908447,80355.2367811304
6.67,6.3,304.003,254603.0,"Hickory, NC",604405.5273945878,83750.16036025962,198815.64569908447,76815.23521907786
6.71,6.3,304.003,252736.0,"Hickory, NC",605927.3227109885,83136.02168399654,199316.23132370025,78730.05128739163
6.81,6.6,304.628,249192.0,"Hickory, NC",605927.3227109885,81802.06678309283,198907.29765845177,75790.73329192829
6.96,6.6,304.628,246684.0,"Hickory, NC",605927.3227109885,80978.76754599053,198907.29765845177,72535.77688102989
6.78,6.6,304.628,237351.0,"Hickory, NC",605927.3227109885,77915.03079165409,198907.29765845177,72555.61227973764
6.81,6.6,304.628,239932.0,"Hickory, NC",605927.3227109885,78762.29368278688,198907.29765845177,73835.80842256553
6.9,6.6,306.187,246649.0,"Hickory, NC",607526.6704185683,80555.02029805315,198416.87283214775,79028.25753837364
6.96,6.6,306.187,250874.0,"Hickory, NC",607526.6704185683,81934.8959949312,198416.87283214775,80937.84899877931
7.09,6.6,306.187,253108.0,"Hickory, NC",607526.6704185683,82664.51547583667,198416.87283214775,78377.0095836688
7.23,6.6,306.187,259033.0,"Hickory, NC",607526.6704185683,84599.60742944671,198416.87283214775,71639.22291769473
7.18,6.6,306.187,251996.0,"Hickory, NC",608854.967063014,82301.33872437432,198850.69159141768,73954.3048888716
7.12,6.6,307.288,245198.0,"Hickory, NC",608854.967063014,79794.19957824581,198138.2179138183,75580.90574006776
7.18,6.6,307.288,246922.0,"Hickory, NC",608854.967063014,80355.2367811304,198138.2179138183,77725.7386426207
7.19,6.6,307.288,236044.0,"Hickory, NC",608854.967063014,76815.23521907786,198138.2179138183,83806.2200801964
7.31,6.6,307.288,241928.0,"Hickory, NC",608854.967063014,78730.05128739163,198138.2179138183,78557.56655956859
7.49,6.6,307.531,233080.0,"Hickory, NC",610806.6063277085,75790.73329192829,198616.27163691088,81454.70397339232
7.57,6.6,307.531,223070.0,"Hickory, NC",610806.6063277085,72535.77688102989,198616.27163691088,80118.1846069393
7.63,6.6,307.531,223131.0,"Hickory, NC",610806.6063277085,72555.61227973764,198616.27163691088,73590.5839804963
7.79,6.6,307.531,227068.0,"Hickory, NC",610806.6063277085,73835.80842256553,198616.27163691088,78985.96385193568
7.76,6.6,308.024,243426.0,"Hickory, NC",612628.7965600017,79028.25753837364,198889.9555099608,77895.7994431835
7.5,6.6,308.024,249308.0,"Hickory, NC",612628.7965600017,80937.84899877931,198889.9555099608,78194.78289943225
7.44,6.6,308.024,241420.0,"Hickory, NC",612628.7965600017,78377.0095836688,198889.9555099608,79876.1629813473
7.22,6.6,308.024,220666.0,"Hickory, NC",614269.4733886061,71639.22291769473,199422.6012871095,75817.38219087361
7.03,6.6,308.742,228328.0,"Hickory, NC",614269.4733886061,73954.3048888716,198958.8308000227,75860.42340582263
6.95,6.6,308.742,233350.0,"Hickory, NC",614269.4733886061,75580.90574006776,198958.8308000227,79409.40973000672
6.67,6.6,308.742,239972.0,"Hickory, NC",614269.4733886061,77725.7386426207,198958.8308000227,79880.85706050028
6.61,6.6,308.742,258745.0,"Hickory, NC",614269.4733886061,83806.2200801964,198958.8308000227,83774.14085770104
6.62,6.6,309.685,243281.0,"Hickory, NC",615985.3073996906,78557.56655956859,198907.05310224602,83643.40516016564
6.66,6.6,309.685,252253.0,"Hickory, NC",615985.3073996906,81454.70397339232,198907.05310224602,
6.6,6.6,309.685,248114.0,"Hickory, NC",615985.3073996906,80118.1846069393,198907.05310224602,
6.69,6.6,309.685,227899.0,"Hickory, NC",615985.3073996906,73590.5839804963,198907.05310224602,
6.63,6.6,311.054,245689.0,"Hickory, NC",617425.6212465065,78985.96385193568,198494.67335141374,
6.64,6.6,311.054,242298.0,"Hickory, NC",617425.6212465065,77895.7994431835,198494.67335141374,
6.77,6.6,311.054,243228.0,"Hickory, NC",617425.6212465065,78194.78289943225,198494.67335141374,
6.9,6.6,311.054,248458.0,"Hickory, NC",617425.6212465065,79876.1629813473,198494.67335141374,
6.94,6.6,311.054,235833.0,"Hickory, NC",618627.8830705938,75817.38219087361,198881.18560461974,
6.88,6.6,312.23,236859.0,"Hickory, NC",618627.8830705938,75860.42340582263,198132.108724528,
6.74,6.6,312.23,247940.0,"Hickory, NC",618627.8830705938,79409.40973000672,198132.108724528,
6.87,6.6,312.23,249412.0,"Hickory, NC",618627.8830705938,79880.85706050028,198132.108724528,
6.79,6.6,312.23,261568.0,"Hickory, NC",618627.8830705938,83774.14085770104,198132.108724528,
6.82,6.6,313.207,261977.0,"Hickory, NC",618052.9860826973,83643.40516016564,197330.5149893512,
