date,interest,vacancy,cpi,price,value,adj_price,adj_value,next_quarter
2010-07-31,4.54,10.3,217.605,108896.0,141996.05381747105,50042.96776268928,65254.04003468259,47178.30483712649
2010-08-07,4.49,10.3,217.923,106176.0,140811.85347605575,48721.79623077876,64615.41621400942,46510.77007149688
2010-08-14,4.44,10.3,217.923,104188.0,140811.85347605575,47809.5474089472,64615.41621400942,45835.87595063527
2010-08-21,4.42,10.3,217.923,102538.0,140811.85347605575,47052.39924193408,64615.41621400942,47322.28243544788
2010-08-28,4.36,10.3,217.923,97906.0,140811.85347605575,44926.87784217361,64615.41621400942,45984.97768424108
2010-09-04,4.32,10.3,218.275,101087.0,139412.1453255868,46311.76268468675,63869.955480740726,44499.98185710657
2010-09-11,4.35,10.3,218.275,100659.0,139412.1453255868,46115.67976176841,63869.955480740726,44453.263906527805
2010-09-18,4.37,10.3,218.275,101617.0,139412.1453255868,46554.57564998282,63869.955480740726,45912.859682862225
2010-09-25,4.37,10.3,218.275,101151.0,139412.1453255868,46341.08349559043,63869.955480740726,44672.792917014405
2010-10-02,4.32,10.3,218.275,101214.0,138188.15125485184,46369.94616882373,63309.197688627566,45007.61798839895
2010-10-09,4.27,9.4,219.035,102183.0,138188.15125485184,46651.44839865775,63089.52964359661,43527.874603842
2010-10-16,4.19,9.4,219.035,103820.0,138188.15125485184,47398.81754057571,63089.52964359661,41974.43791904587
2010-10-23,4.21,9.4,219.035,103403.0,138188.15125485184,47208.437007784145,63089.52964359661,42221.287869540254
2010-10-30,4.23,9.4,219.035,103337.0,138188.15125485184,47178.30483712649,63089.52964359661,41906.19113286285
2010-11-06,4.24,9.4,219.59,102133.0,136769.34176284284,46510.77007149688,62283.95726710818,40991.35638897151
2010-11-13,4.17,9.4,219.59,100651.0,136769.34176284284,45835.87595063527,62283.95726710818,41730.43470423348
2010-11-20,4.39,9.4,219.59,103915.0,136769.34176284284,47322.28243544788,62283.95726710818,41193.70161064994
2010-12-04,4.46,9.4,220.472,101384.0,135165.64258904586,45984.97768424108,61307.3962176811,43016.68714076917
2010-12-11,4.61,9.4,220.472,98110.0,135165.64258904586,44499.98185710657,61307.3962176811,43795.45026586444
2010-12-18,4.83,9.4,220.472,98007.0,135165.64258904586,44453.263906527805,61307.3962176811,43877.9444598872
2010-12-25,4.81,9.4,220.472,101225.0,135165.64258904586,45912.859682862225,61307.3962176811,44645.49913470764
2011-01-01,4.86,9.4,220.472,98491.0,133524.64112087773,44672.792917014405,60563.08334885052,44925.710391578425
2011-01-08,4.77,9.7,221.187,99551.0,133524.64112087773,45007.61798839895,60367.309616242244,45484.240917833224
2011-01-15,4.71,9.7,221.187,96278.0,133524.64112087773,43527.874603842,60367.309616242244,45725.658543551115
2011-01-22,4.74,9.7,221.187,92842.0,133524.64112087773,41974.43791904587,60367.309616242244,45283.431432485624
2011-01-29,4.8,9.7,221.187,93388.0,133524.64112087773,42221.287869540254,60367.309616242244,45206.67758475276
2011-02-05,4.81,9.7,221.898,92989.0,132019.71168437312,41906.19113286285,59495.674446986064,46105.53099116572
2011-02-12,5.05,9.7,221.898,90959.0,132019.71168437312,40991.35638897151,59495.674446986064,46546.355524318744
2011-02-19,5.0,9.7,221.898,92599.0,132019.71168437312,41730.43470423348,59495.674446986064,47251.8527085576
2011-02-26,4.95,9.7,221.898,91408.0,132019.71168437312,41193.70161064994,59495.674446986064,47122.407764917305
2011-03-05,4.87,9.7,223.046,95947.0,130500.69725220674,43016.68714076917,58508.423039286405,47847.47738049696
2011-03-12,4.88,9.7,223.046,97684.0,130500.69725220674,43795.45026586444,58508.423039286405,48286.0777737249
2011-03-19,4.76,9.7,223.046,97868.0,130500.69725220674,43877.9444598872,58508.423039286405,48172.20180956024
2011-03-26,4.81,9.7,223.046,99580.0,130500.69725220674,44645.49913470764,58508.423039286405,47489.39085255731
2011-04-02,4.86,9.7,223.046,100205.0,128925.22215918056,44925.710391578425,57802.07766970964,47972.47404428707
2011-04-09,4.87,9.2,224.093,101927.0,128925.22215918056,45484.240917833224,57532.01668913379,48751.30326759688
2011-04-16,4.91,9.2,224.093,102468.0,128925.22215918056,45725.658543551115,57532.01668913379,48867.09998003505
2011-04-23,4.8,9.2,224.093,101477.0,128925.22215918056,45283.431432485624,57532.01668913379,49844.49521950354
2011-04-30,4.78,9.2,224.093,101305.0,128925.22215918056,45206.67758475276,57532.01668913379,48983.784023603
2011-05-07,4.71,9.2,224.806,103648.0,127519.55937542616,46105.53099116572,56724.268647378696,47377.778564036336
2011-05-14,4.63,9.2,224.806,104639.0,127519.55937542616,46546.355524318744,56724.268647378696,47479.94303556739
2011-05-21,4.61,9.2,224.806,106225.0,127519.55937542616,47251.8527085576,56724.268647378696,47613.066437865426
2011-05-28,4.6,9.2,224.806,105934.0,127519.55937542616,47122.407764917305,56724.268647378696,47897.888600921695
2011-06-04,4.55,9.2,224.806,107564.0,126492.91003693342,47847.47738049696,56267.58629081671,48120.67238312952
2011-06-11,4.49,9.2,224.806,108550.0,126492.91003693342,48286.0777737249,56267.58629081671,47888.100901600636
2011-06-18,4.5,9.2,224.806,108294.0,126492.91003693342,48172.20180956024,56267.58629081671,47558.440756055905
2011-06-25,4.5,9.2,224.806,106759.0,126492.91003693342,47489.39085255731,56267.58629081671,46839.10201812028
2011-07-02,4.51,9.2,224.806,107845.0,125557.5594455665,47972.47404428707,55851.51617197339,47697.895382551396
2011-07-09,4.6,9.8,225.395,109883.0,125557.5594455665,48751.30326759688,55705.565538528586,47375.5237045204
2011-07-16,4.51,9.8,225.395,110144.0,125557.5594455665,48867.09998003505,55705.565538528586,46982.57993384785
2011-07-23,4.52,9.8,225.395,112347.0,125557.5594455665,49844.49521950354,55705.565538528586,47842.5578831312
2011-07-30,4.55,9.8,225.395,110407.0,125557.5594455665,48983.784023603,55705.565538528586,47203.52811466373
2011-08-06,4.39,9.8,226.106,107124.0,124888.28740663688,47377.778564036336,55234.3977632778,48065.977312045216
2011-08-13,4.32,9.8,226.106,107355.0,124888.28740663688,47479.94303556739,55234.3977632778,48803.31383243312
2011-08-20,4.15,9.8,226.106,107656.0,124888.28740663688,47613.066437865426,55234.3977632778,48622.83146027847
2011-08-27,4.22,9.8,226.106,108300.0,124888.28740663688,47897.888600921695,55234.3977632778,48211.22861682136
2011-09-03,4.22,9.8,226.597,109040.0,124304.05419670817,48120.67238312952,54856.88433505658,48121.448973035294
2011-09-10,4.12,9.8,226.597,108513.0,124304.05419670817,47888.100901600636,54856.88433505658,47650.54593945155
2011-09-17,4.09,9.8,226.597,107766.0,124304.05419670817,47558.440756055905,54856.88433505658,47912.843330120624
2011-09-24,4.09,9.8,226.597,106136.0,124304.05419670817,46839.10201812028,54856.88433505658,48484.08831852409
2011-10-01,4.01,9.8,226.597,108082.0,123982.36711418229,47697.895382551396,54714.919930176606,47224.3923420616
2011-10-08,3.94,9.4,226.75,107424.0,123982.36711418229,47375.5237045204,54678.00093238469,46395.74793058347
2011-10-15,4.12,9.4,226.75,106533.0,123982.36711418229,46982.57993384785,54678.00093238469,46663.916222645516
2011-10-22,4.11,9.4,226.75,108483.0,123982.36711418229,47842.5578831312,54678.00093238469,45536.38047418825
2011-10-29,4.1,9.4,226.75,107034.0,123982.36711418229,47203.52811466373,54678.00093238469,46501.7584275322
2011-11-05,4.0,9.4,227.169,109191.0,123726.86937174387,48065.977312045216,54464.680203612224,46242.92139850829
2011-11-12,3.99,9.4,227.169,110866.0,123726.86937174387,48803.31383243312,54464.680203612224,46615.19123720596
2011-11-19,4.0,9.4,227.169,110456.0,123726.86937174387,48622.83146027847,54464.680203612224,47434.184882340836
2011-12-03,4.0,9.4,227.223,109547.0,123714.46378683813,48211.22861682136,54446.27691159703,47970.12329168251
2011-12-10,3.99,9.4,227.223,109343.0,123714.46378683813,48121.448973035294,54446.27691159703,49060.561958331695
2011-12-17,3.94,9.4,227.223,108273.0,123714.46378683813,47650.54593945155,54446.27691159703,48995.878622594595
2011-12-24,3.91,9.4,227.223,108869.0,123714.46378683813,47912.843330120624,54446.27691159703,48435.14402968441
2011-12-31,3.95,9.4,227.223,110167.0,123714.46378683813,48484.08831852409,54446.27691159703,48498.95326628993
2012-01-07,3.91,8.8,227.842,107597.0,124005.9106366058,47224.3923420616,54426.27374961851,48212.1586302888
2012-01-14,3.89,8.8,227.842,105709.0,124005.9106366058,46395.74793058347,54426.27374961851,47836.482872065164
2012-01-21,3.88,8.8,227.842,106320.0,124005.9106366058,46663.916222645516,54426.27374961851,47757.94438602538
2012-01-28,3.98,8.8,227.842,103751.0,124005.9106366058,45536.38047418825,54426.27374961851,47428.95539450317
2012-02-04,3.87,8.8,228.329,106177.0,124472.8750242642,46501.7584275322,54514.70247943283,48136.74780183024
2012-02-11,3.87,8.8,228.329,105586.0,124472.8750242642,46242.92139850829,54514.70247943283,48504.89478079514
2012-02-18,3.87,8.8,228.329,106436.0,124472.8750242642,46615.19123720596,54514.70247943283,49785.10185254009
2012-02-25,3.95,8.8,228.329,108306.0,124472.8750242642,47434.184882340836,54514.70247943283,50064.05407650636
2012-03-03,3.9,8.8,228.807,109759.0,124926.22814927266,47970.12329168251,54598.95376857906,50851.066620611855
2012-03-10,3.88,8.8,228.807,112254.0,124926.22814927266,49060.561958331695,54598.95376857906,50926.37972379269
2012-03-17,3.92,8.8,228.807,112106.0,124926.22814927266,48995.878622594595,54598.95376857906,51542.94516112093
2012-03-24,4.08,8.8,228.807,110823.0,124926.22814927266,48435.14402968441,54598.95376857906,52180.51495685355
2012-03-31,3.99,8.8,228.807,110969.0,124926.22814927266,48498.95326628993,54598.95376857906,52790.07894138034
2012-04-07,3.98,8.6,229.187,110496.0,125364.33598946816,48212.1586302888,54699.584177753604,54039.546786823565
2012-04-14,3.88,8.6,229.187,109635.0,125364.33598946816,47836.482872065164,54699.584177753604,53671.20171486067
2012-04-21,3.9,8.6,229.187,109455.0,125364.33598946816,47757.94438602538,54699.584177753604,53102.060457587824
2012-04-28,3.88,8.6,229.187,108701.0,125364.33598946816,47428.95539450317,54699.584177753604,53072.312874578936
2012-05-05,3.84,8.6,228.713,110095.0,125897.68917443015,48136.74780183024,55046.14480787281,52055.950382310206
2012-05-12,3.83,8.6,228.713,110937.0,125897.68917443015,48504.89478079514,55046.14480787281,51427.465444201844
2012-05-19,3.79,8.6,228.713,113865.0,125897.68917443015,49785.10185254009,55046.14480787281,51612.74889308362
2012-05-26,3.78,8.6,228.713,114503.0,125897.68917443015,50064.05407650636,55046.14480787281,51200.427978670654
2012-06-02,3.75,8.6,228.713,116303.0,126714.1270770686,50851.066620611855,55403.11529168373,51719.308623074314
2012-06-09,3.67,8.6,228.524,116379.0,126714.1270770686,50926.37972379269,55448.93625048949,52815.61803346103
2012-06-16,3.71,8.6,228.524,117788.0,126714.1270770686,51542.94516112093,55448.93625048949,53627.25364153844
2012-06-23,3.66,8.6,228.524,119245.0,126714.1270770686,52180.51495685355,55448.93625048949,53481.375668246656
2012-06-30,3.66,8.6,228.524,120638.0,126714.1270770686,52790.07894138034,55448.93625048949,53596.08683418826
2012-07-07,3.62,8.6,228.59,123529.0,127562.31818808708,54039.546786823565,55803.98013390222,52898.48815824692
2012-07-14,3.56,8.6,228.59,122687.0,127562.31818808708,53671.20171486067,55803.98013390222,51955.63767602897
2012-07-21,3.53,8.6,228.59,121386.0,127562.31818808708,53102.060457587824,55803.98013390222,51188.92409708251
2012-07-28,3.49,8.6,228.59,121318.0,127562.31818808708,53072.312874578936,55803.98013390222,50087.205035443236
2012-08-04,3.55,8.6,229.918,119686.0,128444.69198419365,52055.950382310206,55865.43549621763,50380.325968977166
2012-08-11,3.59,8.6,229.918,118241.0,128444.69198419365,51427.465444201844,55865.43549621763,50702.92195858144
2012-08-18,3.62,8.6,229.918,118667.0,128444.69198419365,51612.74889308362,55865.43549621763,51464.87119944303
2012-08-25,3.66,8.6,229.918,117719.0,128444.69198419365,51200.427978670654,55865.43549621763,51963.46795013168
2012-09-01,3.59,8.6,229.918,118912.0,129547.6038781071,51719.308623074314,56345.13342935615,52020.36147235762
2012-09-08,3.55,8.6,231.015,122012.0,129547.6038781071,52815.61803346103,56077.57239924122,52189.8962464482
2012-09-15,3.55,8.6,231.015,123887.0,129547.6038781071,53627.25364153844,56077.57239924122,53069.14164370883
2012-09-22,3.49,8.6,231.015,123550.0,129547.6038781071,53481.375668246656,56077.57239924122,53870.106953953145
2012-09-29,3.4,8.6,231.015,123815.0,129547.6038781071,53596.08683418826,56077.57239924122,53553.40794806607
2012-10-06,3.36,8.7,231.638,122533.0,130860.3505268398,52898.48815824692,56493.47280102565,52764.816837089245
2012-10-13,3.39,8.7,231.638,120349.0,130860.3505268398,51955.63767602897,56493.47280102565,51863.56985311573
2012-10-20,3.37,8.7,231.638,118573.0,130860.3505268398,51188.92409708251,56493.47280102565,51950.3278242741
2012-10-27,3.41,8.7,231.638,116021.0,130860.3505268398,50087.205035443236,56493.47280102565,52458.35833200247
2012-11-03,3.39,8.7,231.249,116504.0,132281.98787688444,50380.325968977166,57203.2691500869,53054.688606790674
2012-11-10,3.4,8.7,231.249,117250.0,132281.98787688444,50702.92195858144,57203.2691500869,53440.20056925262
2012-11-17,3.34,8.7,231.249,119012.0,132281.98787688444,51464.87119944303,57203.2691500869,52959.38386774107
2012-12-01,3.32,8.7,231.249,120165.0,133849.33465907534,51963.46795013168,57881.04366249166,54134.37968205995
2012-12-08,3.34,8.7,231.221,120282.0,133849.33465907534,52020.36147235762,57888.05284082126,55258.26366227258
2012-12-15,3.32,8.7,231.221,120674.0,133849.33465907534,52189.8962464482,57888.05284082126,55727.951369456096
2012-12-22,3.37,8.7,231.221,122707.0,133849.33465907534,53069.14164370883,57888.05284082126,56870.5280650244
2012-12-29,3.35,8.7,231.221,124559.0,133849.33465907534,53870.106953953145,57888.05284082126,57396.61273796505
2013-01-05,3.34,8.6,231.679,124072.0,135570.57241510993,53553.40794806607,58516.556276188145,58085.30740259796
2013-01-12,3.4,8.6,231.679,122245.0,135570.57241510993,52764.816837089245,58516.556276188145,57967.53193527095
2013-01-19,3.38,8.6,231.679,120157.0,135570.57241510993,51863.56985311573,58516.556276188145,58353.2142348693
2013-01-26,3.42,8.6,231.679,120358.0,135570.57241510993,51950.3278242741,58516.556276188145,57617.65682903575
2013-02-02,3.53,8.6,231.679,121535.0,137402.44374286273,52458.35833200247,59307.250006631046,57645.98327676989
2013-02-09,3.53,8.6,232.937,123584.0,137402.44374286273,53054.688606790674,58986.95516077854,58027.193576347716
2013-02-16,3.53,8.6,232.937,124482.0,137402.44374286273,53440.20056925262,58986.95516077854,58203.13679153747
2013-02-23,3.56,8.6,232.937,123362.0,137402.44374286273,52959.38386774107,58986.95516077854,58048.324011505305
2013-03-02,3.51,8.6,232.937,126099.0,139221.5519547476,54134.37968205995,59767.89945553845,58920.70912015455
2013-03-09,3.52,8.6,232.282,128355.0,139221.5519547476,55258.26366227258,59936.435864486964,59398.137193744755
2013-03-16,3.63,8.6,232.282,129446.0,139221.5519547476,55727.951369456096,59936.435864486964,59837.811095097764
2013-03-23,3.54,8.6,232.282,132100.0,139221.5519547476,56870.5280650244,59936.435864486964,61451.95637677731
2013-03-30,3.57,8.6,232.282,133322.0,139221.5519547476,57396.61273796505,59936.435864486964,61793.54255845469
2013-04-06,3.54,8.2,231.797,134640.0,141190.0441513138,58085.30740259796,60911.07484191505,63027.47960498068
2013-04-13,3.43,8.2,231.797,134367.0,141190.0441513138,57967.53193527095,60911.07484191505,63107.771575783605
2013-04-20,3.41,8.2,231.797,135261.0,141190.0441513138,58353.2142348693,60911.07484191505,63026.19149849721
2013-04-27,3.4,8.2,231.797,133556.0,141190.0441513138,57617.65682903575,60911.07484191505,63382.821602357624
2013-05-04,3.35,8.2,231.893,133677.0,143512.62698537018,57645.98327676989,61887.43385327292,62820.40298814338
2013-05-11,3.42,8.2,231.893,134561.0,143512.62698537018,58027.193576347716,61887.43385327292,62789.990405044206
2013-05-18,3.51,8.2,231.893,134969.0,143512.62698537018,58203.13679153747,61887.43385327292,62553.54328010418
2013-05-25,3.59,8.2,231.893,134610.0,143512.62698537018,58048.324011505305,61887.43385327292,62645.209375642524
2013-06-01,3.81,8.2,231.893,136633.0,145927.7490945483,58920.70912015455,62928.91510073538,62877.65902784914
2013-06-08,3.91,8.2,232.445,138068.0,145927.7490945483,59398.137193744755,62779.47432491484,63737.88236906107
2013-06-15,3.98,8.2,232.445,139090.0,145927.7490945483,59837.811095097764,62779.47432491484,64126.67420271982
2013-06-22,3.93,8.2,232.445,142842.0,145927.7490945483,61451.95637677731,62779.47432491484,63709.19398485938
2013-06-29,4.46,8.2,232.445,143636.0,145927.7490945483,61793.54255845469,62779.47432491484,63930.60269013006
2013-07-13,4.51,8.3,232.9,146791.0,148238.33599630636,63027.47960498068,63648.92056518091,63118.770568624845
2013-07-20,4.37,8.3,232.9,146978.0,148238.33599630636,63107.771575783605,63648.92056518091,62998.51499343088
2013-07-27,4.31,8.3,232.9,146788.0,148238.33599630636,63026.19149849721,63648.92056518091,62408.791923618446
2013-08-03,4.39,8.3,233.456,147971.0,150537.23894637098,63382.821602357624,64482.060408115874,62660.0019685966
2013-08-10,4.4,8.3,233.456,146658.0,150537.23894637098,62820.40298814338,64482.060408115874,62515.16445963264
2013-08-17,4.4,8.3,233.456,146587.0,150537.23894637098,62789.990405044206,64482.060408115874,63084.57923964118
2013-08-24,4.58,8.3,233.456,146035.0,150537.23894637098,62553.54328010418,64482.060408115874,62584.792823579664
2013-08-31,4.51,8.3,233.456,146249.0,150537.23894637098,62645.209375642524,64482.060408115874,61456.46496448945
2013-09-07,4.57,8.3,233.544,146847.0,152961.3705238281,62877.65902784914,65495.739785148886,60615.03329513163
2013-09-14,4.57,8.3,233.544,148856.0,152961.3705238281,63737.88236906107,65495.739785148886,61989.01665395644
2013-09-21,4.5,8.3,233.544,149764.0,152961.3705238281,64126.67420271982,65495.739785148886,63028.13151044441
2013-09-28,4.32,8.3,233.544,148789.0,152961.3705238281,63709.19398485938,65495.739785148886,63402.29845975995
2013-10-05,4.22,8.2,233.669,149386.0,155484.8119354539,63930.60269013006,66540.62453104772,62382.696950120706
2013-10-12,4.23,8.2,233.669,147489.0,155484.8119354539,63118.770568624845,66540.62453104772,61339.29482166536
2013-10-19,4.28,8.2,233.669,147208.0,155484.8119354539,62998.51499343088,66540.62453104772,59690.25194655061
2013-10-26,4.13,8.2,233.669,145830.0,155484.8119354539,62408.791923618446,66540.62453104772,59071.43585733229
2013-11-02,4.1,8.2,233.669,146417.0,157562.83718862254,62660.0019685966,67429.92745662562,58976.34017839328
2013-11-09,4.16,8.2,234.1,146348.0,157562.83718862254,62515.16445963264,67305.78265212411,59664.52555116389
2013-11-16,4.35,8.2,234.1,147681.0,157562.83718862254,63084.57923964118,67305.78265212411,61431.476520609474
2013-11-23,4.22,8.2,234.1,146511.0,157562.83718862254,62584.792823579664,67305.78265212411,62510.24211728445
2013-12-07,4.46,8.2,234.719,144250.0,159433.17509050842,61456.46496448945,67925.12540122804,63406.883929025375
2013-12-14,4.42,8.2,234.719,142275.0,159433.17509050842,60615.03329513163,67925.12540122804,63327.656040808724
2013-12-21,4.47,8.2,234.719,145500.0,159433.17509050842,61989.01665395644,67925.12540122804,63073.872591387466
2013-12-28,4.48,8.2,234.719,147939.0,159433.17509050842,63028.13151044441,67925.12540122804,62823.054891792504
2014-01-04,4.53,8.3,235.288,149178.0,161271.86490378602,63402.29845975995,68542.32468455085,63938.883908182084
2014-01-11,4.51,8.3,235.288,146779.0,161271.86490378602,62382.696950120706,68542.32468455085,64535.58198149433
2014-01-18,4.41,8.3,235.288,144324.0,161271.86490378602,61339.29482166536,68542.32468455085,65568.70274202006
2014-01-25,4.39,8.3,235.288,140444.0,161271.86490378602,59690.25194655061,68542.32468455085,65922.23894987906
2014-02-01,4.32,8.3,235.288,138988.0,163353.77871645187,59071.43585733229,69427.16106067962,65618.90611941685
2014-02-08,4.23,8.3,235.547,138917.0,163353.77871645187,58976.34017839328,69350.82115945092,65943.0689099182
2014-02-15,4.28,8.3,235.547,140538.0,163353.77871645187,59664.52555116389,69350.82115945092,65309.93845972024
2014-02-22,4.33,8.3,235.547,144700.0,163353.77871645187,61431.476520609474,69350.82115945092,64971.42471234773
2014-03-01,4.37,8.3,235.547,147241.0,165139.89981938782,62510.24211728445,70109.10765978247,66027.90839024473
2014-03-08,4.28,8.3,236.028,149658.0,165139.89981938782,63406.883929025375,69966.23274331343,66071.88773811179
2014-03-15,4.37,8.3,236.028,149471.0,165139.89981938782,63327.656040808724,69966.23274331343,66125.84358705228
2014-03-22,4.32,8.3,236.028,148872.0,165139.89981938782,63073.872591387466,69966.23274331343,67081.45225539664
2014-03-29,4.4,8.3,236.028,148280.0,165139.89981938782,62823.054891792504,69966.23274331343,66727.78852679457
2014-04-05,4.41,7.5,236.468,151195.0,166544.65425934107,63938.883908182084,70430.1022799453,68387.94431953112
2014-04-12,4.34,7.5,236.468,152606.0,166544.65425934107,64535.58198149433,70430.1022799453,68106.67879308457
2014-04-19,4.27,7.5,236.468,155049.0,166544.65425934107,65568.70274202006,70430.1022799453,68297.83829758567
2014-04-26,4.33,7.5,236.468,155885.0,166544.65425934107,65922.23894987906,70430.1022799453,67748.78104236667
2014-05-03,4.29,7.5,236.918,155463.0,167709.627440988,65618.90611941685,70788.04794949644,66344.97974719787
2014-05-10,4.21,7.5,236.918,156231.0,167709.627440988,65943.0689099182,70788.04794949644,66279.79449170387
2014-05-17,4.2,7.5,236.918,154731.0,167709.627440988,65309.93845972024,70788.04794949644,65658.21612060978
2014-05-24,4.14,7.5,236.918,153929.0,167709.627440988,64971.42471234773,70788.04794949644,66091.5522614335
2014-05-31,4.12,7.5,236.918,156432.0,167709.627440988,66027.90839024473,70788.04794949644,66349.2798787164
2014-06-07,4.14,7.5,237.231,156743.0,168727.58228026147,66071.88773811179,71123.74954380392,67381.26218539059
2014-06-14,4.2,7.5,237.231,156871.0,168727.58228026147,66125.84358705228,71123.74954380392,67697.50333716528
2014-06-21,4.17,7.5,237.231,159138.0,168727.58228026147,67081.45225539664,71123.74954380392,66483.49103281581
2014-06-28,4.14,7.5,237.231,158299.0,168727.58228026147,66727.78852679457,71123.74954380392,65587.40425388564
2014-07-05,4.12,7.4,237.498,162420.0,169745.55936826512,68387.94431953112,71472.41634382821,65685.04401297224
2014-07-12,4.15,7.4,237.498,161752.0,169745.55936826512,68106.67879308457,71472.41634382821,65219.643684454364
2014-07-19,4.13,7.4,237.498,162206.0,169745.55936826512,68297.83829758567,71472.41634382821,65332.940235016635
2014-07-26,4.13,7.4,237.498,160902.0,169745.55936826512,67748.78104236667,71472.41634382821,65253.75900265341
2014-08-02,4.12,7.4,237.498,157568.0,170701.2358948162,66344.97974719787,71874.80984884765,64526.38672450828
2014-08-09,4.14,7.4,237.46,157388.0,170701.2358948162,66279.79449170387,71886.3117555867,64918.58065768431
2014-08-16,4.12,7.4,237.46,155912.0,170701.2358948162,65658.21612060978,71886.3117555867,65219.02414941156
2014-08-23,4.1,7.4,237.46,156941.0,170701.2358948162,66091.5522614335,71886.3117555867,65132.94202537735
2014-08-30,4.1,7.4,237.46,157553.0,170701.2358948162,66349.2798787164,71886.3117555867,65417.01234275265
2014-09-06,4.1,7.4,237.477,160015.0,171793.27586907172,67381.26218539059,72341.01654858016,65073.73482552529
2014-09-13,4.12,7.4,237.477,160766.0,171793.27586907172,67697.50333716528,72341.01654858016,65906.32036977464
2014-09-20,4.23,7.4,237.477,157883.0,171793.27586907172,66483.49103281581,72341.01654858016,66064.31605089734
2014-09-27,4.2,7.4,237.477,155755.0,171793.27586907172,65587.40425388564,72341.01654858016,66755.69868837514
2014-10-04,4.19,7.0,237.43,155956.0,172659.72426901865,65685.04401297224,72720.26461231464,65366.5435554022
2014-10-11,4.12,7.0,237.43,154851.0,172659.72426901865,65219.643684454364,72720.26461231464,64984.856036498866
2014-10-18,3.97,7.0,237.43,155120.0,172659.72426901865,65332.940235016635,72720.26461231464,64658.12129654479
2014-10-25,3.92,7.0,237.43,154932.0,172659.72426901865,65253.75900265341,72720.26461231464,63469.75890406302
2014-11-01,3.98,7.0,237.43,153205.0,173593.45612922386,64526.38672450828,73113.53077927131,64017.47244435757
2014-11-08,4.02,7.0,236.983,153846.0,173593.45612922386,64918.58065768431,73251.43834335115,64265.62194593401
2014-11-15,4.01,7.0,236.983,154558.0,173593.45612922386,65219.02414941156,73251.43834335115,65235.69953514459
2014-11-22,3.99,7.0,236.983,154354.0,173593.45612922386,65132.94202537735,73251.43834335115,66397.85401905279
2014-12-06,3.89,7.0,236.252,154549.0,174556.66234608387,65417.01234275265,73885.79243607837,67786.130792962
2014-12-13,3.93,7.0,236.252,153738.0,174556.66234608387,65073.73482552529,73885.79243607837,69336.71220802116
2014-12-20,3.8,7.0,236.252,155705.0,174556.66234608387,65906.32036977464,73885.79243607837,69780.82516866122
2015-01-03,3.87,7.1,234.747,155084.0,175747.45205597449,66064.31605089734,74866.7510366371,70907.0281345514
2015-01-10,3.73,7.1,234.747,156707.0,175747.45205597449,66755.69868837514,74866.7510366371,70320.29192877887
2015-01-17,3.66,7.1,234.747,153446.0,175747.45205597449,65366.5435554022,74866.7510366371,69715.77583798292
2015-01-24,3.63,7.1,234.747,152550.0,175747.45205597449,64984.856036498866,74866.7510366371,68967.7506752123
2015-01-31,3.66,7.1,234.747,151783.0,175747.45205597449,64658.12129654479,74866.7510366371,68425.04085140249
2015-02-07,3.59,7.1,235.342,149371.0,176839.1525788533,63469.75890406302,75141.3485815763,68916.5868498445
2015-02-14,3.69,7.1,235.342,150660.0,176839.1525788533,64017.47244435757,75141.3485815763,69496.3312391087
2015-02-21,3.76,7.1,235.342,151244.0,176839.1525788533,64265.62194593401,75141.3485815763,71212.35775376475
2015-02-28,3.8,7.1,235.342,153527.0,176839.1525788533,65235.69953514459,75141.3485815763,71812.7771612778
2015-03-07,3.75,7.1,235.976,156683.0,177772.60813990328,66397.85401905279,75335.03752072384,71999.56239454339
2015-03-14,3.86,7.1,235.976,159959.0,177772.60813990328,67786.130792962,75335.03752072384,72415.70835279414
2015-03-21,3.78,7.1,235.976,163618.0,177772.60813990328,69336.71220802116,75335.03752072384,71906.15046053767
2015-03-28,3.69,7.1,235.976,164666.0,177772.60813990328,69780.82516866122,75335.03752072384,71926.76840993532
2015-04-04,3.7,6.8,236.222,167498.0,178691.02993652667,70907.0281345514,75645.38016633787,72351.00867943236
2015-04-11,3.66,6.8,236.222,166112.0,178691.02993652667,70320.29192877887,75645.38016633787,72314.45927892654
2015-04-18,3.67,6.8,236.222,164684.0,178691.02993652667,69715.77583798292,75645.38016633787,73121.48684641691
2015-04-25,3.65,6.8,236.222,162917.0,178691.02993652667,68967.7506752123,75645.38016633787,73398.33805254711
2015-05-02,3.68,6.8,236.222,161635.0,179677.32909359722,68425.04085140249,76062.91077613313,73289.95017518506
2015-05-09,3.8,6.8,237.001,163333.0,179677.32909359722,68916.5868498445,75812.89914118388,73010.88504535086
2015-05-16,3.85,6.8,237.001,164707.0,179677.32909359722,69496.3312391087,75812.89914118388,72372.31812395761
2015-05-23,3.84,6.8,237.001,168774.0,179677.32909359722,71212.35775376475,75812.89914118388,71979.51544533741
2015-05-30,3.87,6.8,237.001,170197.0,179677.32909359722,71812.7771612778,75812.89914118388,71509.83267026
2015-06-06,3.87,6.8,237.657,171112.0,180649.0997876332,71999.56239454339,76012.53057458151,72157.23921885659
2015-06-13,4.04,6.8,237.657,172101.0,180649.0997876332,72415.70835279414,76012.53057458151,71858.71038914012
2015-06-20,4.0,6.8,237.657,170890.0,180649.0997876332,71906.15046053767,76012.53057458151,72422.50461056514
2015-06-27,4.02,6.8,237.657,170939.0,180649.0997876332,71926.76840993532,76012.53057458151,72727.77033911865
2015-07-04,4.08,7.3,238.034,172220.0,181690.78284010783,72351.00867943236,76329.76080732493,73239.72692053691
2015-07-11,4.04,7.3,238.034,172133.0,181690.78284010783,72314.45927892654,76329.76080732493,73093.76485384864
2015-07-18,4.09,7.3,238.034,174054.0,181690.78284010783,73121.48684641691,76329.76080732493,72401.39147699309
2015-07-25,4.04,7.3,238.034,174713.0,181690.78284010783,73398.33805254711,76329.76080732493,72434.62203396247
2015-08-01,3.98,7.3,238.034,174455.0,182889.0691382146,73289.95017518506,76833.17052951032,71738.88353741383
2015-08-08,3.91,7.3,238.033,173790.0,182889.0691382146,73010.88504535086,76833.49331320221,70770.99534907172
2015-08-15,3.94,7.3,238.033,172270.0,182889.0691382146,72372.31812395761,76833.49331320221,70826.03343458661
2015-08-22,3.93,7.3,238.033,171335.0,182889.0691382146,71979.51544533741,76833.49331320221,70772.67590130118
2015-08-29,3.84,7.3,238.033,170217.0,182889.0691382146,71509.83267026,76833.49331320221,71709.40566367065
2015-09-05,3.89,7.3,237.498,171372.0,184415.5711189203,72157.23921885659,77649.31541272782,72572.0366250142
2015-09-12,3.9,7.3,237.498,170663.0,184415.5711189203,71858.71038914012,77649.31541272782,72789.0612842308
2015-09-19,3.91,7.3,237.498,172002.0,184415.5711189203,72422.50461056514,77649.31541272782,72920.70608720522
2015-09-26,3.86,7.3,237.498,172727.0,184415.5711189203,72727.77033911865,77649.31541272782,74094.57396292916
2015-10-03,3.85,7.0,237.733,174115.0,186057.2102151429,73239.72692053691,78263.09776730319,73669.90389308736
2015-10-10,3.76,7.0,237.733,173768.0,186057.2102151429,73093.76485384864,78263.09776730319,73808.34160873883
2015-10-17,3.82,7.0,237.733,172122.0,186057.2102151429,72401.39147699309,78263.09776730319,74261.10447208524
2015-10-24,3.79,7.0,237.733,172201.0,186057.2102151429,72434.62203396247,78263.09776730319,73345.05916213624
2015-10-31,3.76,7.0,237.733,170547.0,186057.2102151429,71738.88353741383,78263.09776730319,72169.41382681094
2015-11-07,3.87,7.0,238.017,168447.0,187503.02936788287,70770.99534907172,78777.1585087968,70801.73256480263
2015-11-14,3.98,7.0,238.017,168578.0,187503.02936788287,70826.03343458661,78777.1585087968,70161.71166616105
2015-11-21,3.97,7.0,238.017,168451.0,187503.02936788287,70772.67590130118,78777.1585087968,70845.5522971652
2015-12-05,3.93,7.0,237.761,170497.0,188751.78989740423,71709.40566367065,79387.19550195542,71857.35887096774
2015-12-12,3.95,7.0,237.761,172548.0,188751.78989740423,72572.0366250142,79387.19550195542,73034.6942204301
2015-12-19,3.97,7.0,237.761,173064.0,188751.78989740423,72789.0612842308,79387.19550195542,74212.02956989247
2015-12-26,3.96,7.0,237.761,173377.0,188751.78989740423,72920.70608720522,79387.19550195542,74187.24798387097
2016-01-02,4.01,7.0,237.761,176168.0,190024.24523470268,74094.57396292916,79922.37803285765,74953.37701612903
2016-01-09,3.97,7.0,237.652,175078.0,190024.24523470268,73669.90389308736,79959.03473764272,75069.87681596036
2016-01-16,3.92,7.0,237.652,175407.0,190024.24523470268,73808.34160873883,79959.03473764272,76043.1311508335
2016-01-23,3.81,7.0,237.652,176483.0,190024.24523470268,74261.10447208524,79959.03473764272,76233.93251656959
2016-01-30,3.79,7.0,237.652,174306.0,190024.24523470268,73345.05916213624,79959.03473764272,77328.94824931378
2016-02-06,3.72,7.0,237.336,171284.0,191456.20028623872,72169.41382681094,80668.84092014642,77189.14496341164
2016-02-13,3.65,7.0,237.336,168038.0,191456.20028623872,70801.73256480263,80668.84092014642,76695.73420939484
2016-02-20,3.65,7.0,237.336,166519.0,191456.20028623872,70161.71166616105,80668.84092014642,77500.55310427163
2016-02-27,3.62,7.0,237.336,168142.0,191456.20028623872,70845.5522971652,80668.84092014642,78283.24782828304
2016-03-05,3.64,7.0,238.08,171078.0,192680.75563152996,71857.35887096774,80931.09695544773,79327.45543705404
2016-03-12,3.68,7.0,238.08,173881.0,192680.75563152996,73034.6942204301,80931.09695544773,80371.48970535587
2016-03-19,3.73,7.0,238.08,176684.0,192680.75563152996,74212.02956989247,80931.09695544773,81167.83641798003
2016-03-26,3.71,7.0,238.08,176625.0,192680.75563152996,74187.24798387097,80931.09695544773,80087.58564994046
2016-04-02,3.71,7.0,238.08,178449.0,193961.8973976865,74953.37701612903,81469.21093652825,81186.98537186436
2016-04-09,3.59,6.7,238.992,179411.0,193961.8973976865,75069.87681596036,81158.32220228564,80824.31976543205
2016-04-16,3.58,6.7,238.992,181737.0,193961.8973976865,76043.1311508335,81158.32220228564,80025.90576465738
2016-04-23,3.59,6.7,238.992,182193.0,193961.8973976865,76233.93251656959,81158.32220228564,80713.94954623263
2016-04-30,3.66,6.7,238.992,184810.0,193961.8973976865,77328.94824931378,81158.32220228564,80537.35719551356
2016-05-07,3.61,6.7,239.557,184912.0,195191.17493138535,77189.14496341164,81480.05482260397,80687.18950716083
2016-05-14,3.57,6.7,239.557,183730.0,195191.17493138535,76695.73420939484,81480.05482260397,80843.5012159887
2016-05-21,3.58,6.7,239.557,185658.0,195191.17493138535,77500.55310427163,81480.05482260397,80424.03708245858
2016-05-28,3.64,6.7,239.557,187533.0,195191.17493138535,78283.24782828304,81480.05482260397,79632.0854725727
2016-06-04,3.66,6.7,240.222,190562.0,196684.5745960362,79327.45543705404,81876.17062385468,80087.98553753276
2016-06-11,3.6,6.7,240.222,193070.0,196684.5745960362,80371.48970535587,81876.17062385468,79911.76568149401
2016-06-18,3.54,6.7,240.222,194983.0,196684.5745960362,81167.83641798003,81876.17062385468,79929.59498457558
2016-06-25,3.56,6.7,240.222,192388.0,196684.5745960362,80087.58564994046,81876.17062385468,79037.71519554185
2016-07-02,3.48,6.7,240.222,195029.0,197949.64090382797,81186.98537186436,82402.79445838764,78917.8856934355
2016-07-09,3.41,6.8,240.101,194060.0,197949.64090382797,80824.31976543205,82444.32172453591,78312.73966766085
2016-07-16,3.42,6.8,240.101,192143.0,197949.64090382797,80025.90576465738,82444.32172453591,78522.881927352
2016-07-23,3.45,6.8,240.101,193795.0,197949.64090382797,80713.94954623263,82444.32172453591,79140.0713987284
2016-07-30,3.48,6.8,240.101,193371.0,197949.64090382797,80537.35719551356,82444.32172453591,78131.55401855706
2016-08-06,3.43,6.8,240.545,194089.0,199345.31517073084,80687.18950716083,82872.3586733172,77735.4499103402
2016-08-13,3.45,6.8,240.545,194465.0,199345.31517073084,80843.5012159887,82872.3586733172,76230.65290505979
2016-08-20,3.43,6.8,240.545,193456.0,199345.31517073084,80424.03708245858,82872.3586733172,77031.39332137868
2016-08-27,3.43,6.8,240.545,191551.0,199345.31517073084,79632.0854725727,82872.3586733172,78073.00617795307
2016-09-03,3.46,6.8,241.176,193153.0,200943.51624163185,80087.98553753276,83318.20589181007,78412.19599648859
2016-09-10,3.44,6.8,241.176,192728.0,200943.51624163185,79911.76568149401,83318.20589181007,78801.25454897646
2016-09-17,3.5,6.8,241.176,192771.0,200943.51624163185,79929.59498457558,83318.20589181007,79357.64125009788
2016-09-24,3.48,6.8,241.176,190620.0,200943.51624163185,79037.71519554185,83318.20589181007,79522.9087072458
2016-10-01,3.42,6.8,241.176,190331.0,202600.87591601463,78917.8856934355,84005.40514645513,79453.89913717378
2016-10-08,3.42,6.9,241.741,189314.0,202600.87591601463,78312.73966766085,83809.06669369887,77586.63152968993
2016-10-15,3.47,6.9,241.741,189822.0,202600.87591601463,78522.881927352,83809.06669369887,77518.49206544673
2016-10-22,3.52,6.9,241.741,191314.0,202600.87591601463,79140.0713987284,83809.06669369887,77202.42346624634
2016-10-29,3.47,6.9,241.741,188876.0,202600.87591601463,78131.55401855706,83809.06669369887,77083.76023540404
2016-11-05,3.54,6.9,242.026,188140.0,203960.2250972223,77735.4499103402,84272.0307310877,77687.84374154735
2016-11-12,3.57,6.9,242.026,184498.0,203960.2250972223,76230.65290505979,84272.0307310877,77505.06135095039
2016-11-19,3.94,6.9,242.026,186436.0,203960.2250972223,77031.39332137868,84272.0307310877,76787.8658721507
2016-12-03,4.08,6.9,242.637,189434.0,205064.92100233128,78073.00617795307,84515.10734238029,78500.72983123678
2016-12-10,4.13,6.9,242.637,190257.0,205064.92100233128,78412.19599648859,84515.10734238029,79930.05100618307
2016-12-17,4.16,6.9,242.637,191201.0,205064.92100233128,78801.25454897646,84515.10734238029,81515.17884965477
2016-12-24,4.3,6.9,242.637,192551.0,205064.92100233128,79357.64125009788,84515.10734238029,82618.12605579519
2016-12-31,4.32,6.9,242.637,192952.0,205064.92100233128,79522.9087072458,84515.10734238029,83492.2834697325
2017-01-07,4.2,7.0,243.618,193564.0,206176.82739114715,79453.89913717378,84631.19613129865,84263.26716982058
2017-01-14,4.12,7.0,243.618,189015.0,206176.82739114715,77586.63152968993,84631.19613129865,84486.86080272571
2017-01-21,4.09,7.0,243.618,188849.0,206176.82739114715,77518.49206544673,84631.19613129865,85093.75780632532
2017-01-28,4.19,7.0,243.618,188079.0,206176.82739114715,77202.42346624634,84631.19613129865,84253.43887826432
2017-02-04,4.19,7.0,244.006,188089.0,207475.06866820503,77083.76023540404,85028.67497856816,83697.80823265192
2017-02-11,4.17,7.0,244.006,189563.0,207475.06866820503,77687.84374154735,85028.67497856816,83632.23553712235
2017-02-18,4.15,7.0,244.006,189117.0,207475.06866820503,77505.06135095039,85028.67497856816,83231.01260635072
2017-02-25,4.16,7.0,244.006,187367.0,207475.06866820503,76787.8658721507,85028.67497856816,85175.24302880281
2017-03-04,4.1,7.0,243.892,191457.0,208922.43688779103,78500.72983123678,85661.86545183566,86040.88252519832
2017-03-11,4.21,7.0,243.892,194943.0,208922.43688779103,79930.05100618307,85661.86545183566,87224.92760983441
2017-03-18,4.3,7.0,243.892,198809.0,208922.43688779103,81515.17884965477,85661.86545183566,88241.46164652302
2017-03-25,4.23,7.0,243.892,201499.0,208922.43688779103,82618.12605579519,85661.86545183566,88231.22258491252
2017-04-01,4.14,7.0,243.892,203631.0,210577.40836379377,83492.2834697325,86340.43279967927,88748.49997747406
2017-04-08,4.1,7.3,244.193,205765.0,210577.40836379377,84263.26716982058,86234.00685678695,88691.5899329766
2017-04-15,4.08,7.3,244.193,206311.0,210577.40836379377,84486.86080272571,86234.00685678695,88926.19235761107
2017-04-22,3.97,7.3,244.193,207793.0,210577.40836379377,85093.75780632532,86234.00685678695,88557.29744557674
2017-04-29,4.03,7.3,244.193,205741.0,210577.40836379377,84253.43887826432,86234.00685678695,88121.66571815773
2017-05-06,4.02,7.3,244.004,204226.0,212184.70311084483,83697.80823265192,86959.51833201293,87931.05557889413
2017-05-13,4.05,7.3,244.004,204066.0,212184.70311084483,83632.23553712235,86959.51833201293,87866.20605833194
2017-05-20,4.02,7.3,244.004,203087.0,212184.70311084483,83231.01260635072,86959.51833201293,86845.74379137217
2017-05-27,3.95,7.3,244.004,207831.0,212184.70311084483,85175.24302880281,86959.51833201293,86138.51694448637
2017-06-03,3.94,7.3,244.163,210080.0,213910.9687489984,86040.88252519832,87609.90352715128,85970.8870517124
2017-06-10,3.89,7.3,244.163,212971.0,213910.9687489984,87224.92760983441,87609.90352715128,84158.90599955364
2017-06-17,3.91,7.3,244.163,215453.0,213910.9687489984,88241.46164652302,87609.90352715128,83777.87246129812
2017-06-24,3.9,7.3,244.163,215428.0,213910.9687489984,88231.22258491252,87609.90352715128,84860.5108852233
2017-07-01,3.88,7.3,244.163,216691.0,215460.99116915217,88748.49997747406,88244.73452945457,85051.63633412462
2017-07-08,3.96,7.5,244.243,216623.0,215460.99116915217,88691.5899329766,88215.83061506458,86032.69728252495
2017-07-15,4.03,7.5,244.243,217196.0,215460.99116915217,88926.19235761107,88215.83061506458,87135.17633988307
2017-07-22,3.96,7.5,244.243,216295.0,215460.99116915217,88557.29744557674,88215.83061506458,85689.26228378192
2017-07-29,3.92,7.5,244.243,215231.0,215460.99116915217,88121.66571815773,88215.83061506458,84667.87767713054
2017-08-05,3.93,7.5,245.183,215592.0,217083.131295152,87931.05557889413,88539.22633100663,83772.50448876596
2017-08-12,3.9,7.5,245.183,215433.0,217083.131295152,87866.20605833194,88539.22633100663,83054.30193623526
2017-08-19,3.89,7.5,245.183,212931.0,217083.131295152,86845.74379137217,88539.22633100663,83722.35971595414
2017-08-26,3.86,7.5,245.183,211197.0,217083.131295152,86138.51694448637,88539.22633100663,84454.71603500428
2017-09-02,3.82,7.5,245.183,210786.0,218645.5672951725,85970.8870517124,89176.47932163834,84813.05865499082
2017-09-09,3.78,7.5,246.435,207397.0,218645.5672951725,84158.90599955364,88723.42292903707,85176.24745263412
2017-09-16,3.78,7.5,246.435,206458.0,218645.5672951725,83777.87246129812,88723.42292903707,87244.40588365852
2017-09-23,3.83,7.5,246.435,209126.0,218645.5672951725,84860.5108852233,88723.42292903707,87569.25808599504
2017-09-30,3.83,7.5,246.435,209597.0,218645.5672951725,85051.63633412462,88723.42292903707,87255.03196589233
2017-10-07,3.85,6.9,246.626,212179.0,220288.77736505997,86032.69728252495,89320.98698639234,87013.12791580774
2017-10-14,3.91,6.9,246.626,214898.0,220288.77736505997,87135.17633988307,89320.98698639234,86008.5429902073
2017-10-21,3.88,6.9,246.626,211332.0,220288.77736505997,85689.26228378192,89320.98698639234,85024.85343105935
2017-10-28,3.94,6.9,246.626,208813.0,220288.77736505997,84667.87767713054,89320.98698639234,85228.97138208385
2017-11-04,3.94,6.9,247.284,207156.0,221806.34692969432,83772.50448876596,89697.00705653998,85786.42161832894
2017-11-11,3.9,6.9,247.284,205380.0,221806.34692969432,83054.30193623526,89697.00705653998,86111.43394154587
2017-11-18,3.95,6.9,247.284,207032.0,221806.34692969432,83722.35971595414,89697.00705653998,86741.8215918791
2017-12-02,3.9,6.9,247.284,208843.0,223321.67799781365,84454.71603500428,90309.79683190731,87170.6928122383
2017-12-09,3.94,6.9,247.805,210171.0,223321.67799781365,84813.05865499082,90119.92413301331,87280.87924768709
2017-12-16,3.93,6.9,247.805,211071.0,223321.67799781365,85176.24745263412,90119.92413301331,86957.13146644122
2017-12-23,3.94,6.9,247.805,216196.0,223321.67799781365,87244.40588365852,90119.92413301331,87849.04057665571
2017-12-30,3.99,6.9,247.805,217001.0,223321.67799781365,87569.25808599504,90119.92413301331,88831.10222496463
2018-01-06,3.95,7.0,248.859,217142.0,224767.17255960495,87255.03196589233,90319.08532928483,88965.61921775028
2018-01-13,3.99,7.0,248.859,216540.0,224767.17255960495,87013.12791580774,90319.08532928483,90329.98037781694
2018-01-20,4.04,7.0,248.859,214040.0,224767.17255960495,86008.5429902073,90319.08532928483,90839.51771791214
2018-01-27,4.15,7.0,248.859,211592.0,224767.17255960495,85024.85343105935,90319.08532928483,91413.39663585465
2018-02-03,4.22,7.0,249.529,212671.0,226280.71666457085,85228.97138208385,90683.13368969972,91837.85766691122
2018-02-10,4.32,7.0,249.529,214062.0,226280.71666457085,85786.42161832894,90683.13368969972,91474.20970365881
2018-02-17,4.38,7.0,249.529,214873.0,226280.71666457085,86111.43394154587,90683.13368969972,91639.28673960891
2018-02-24,4.4,7.0,249.529,216446.0,226280.71666457085,86741.8215918791,90683.13368969972,91179.54320711984
2018-03-03,4.43,7.0,249.577,217558.0,227912.6635569226,87170.6928122383,91319.57814899714,92049.58690867333
2018-03-10,4.46,7.0,249.577,217833.0,227912.6635569226,87280.87924768709,91319.57814899714,92512.09076639921
2018-03-17,4.44,7.0,249.577,217025.0,227912.6635569226,86957.13146644122,91319.57814899714,92602.92090607049
2018-03-24,4.45,7.0,249.577,219251.0,227912.6635569226,87849.04057665571,91319.57814899714,93146.7066106813
2018-03-31,4.44,7.0,249.577,221702.0,227912.6635569226,88831.10222496463,91319.57814899714,93384.53816061
2018-04-07,4.4,6.8,250.227,222616.0,229616.48750264992,88965.61921775028,91763.27394831489,93326.00890077782
2018-04-14,4.42,6.8,250.227,226030.0,229616.48750264992,90329.98037781694,91763.27394831489,93638.49148534716
2018-04-21,4.47,6.8,250.227,227305.0,229616.48750264992,90839.51771791214,91763.27394831489,93033.82773253083
2018-04-28,4.58,6.8,250.227,228741.0,229616.48750264992,91413.39663585465,91763.27394831489,92439.51372136903
2018-05-05,4.55,6.8,250.792,230322.0,231331.4356281831,91837.85766691122,92240.3568009279,92643.7338822155
2018-05-12,4.55,6.8,250.792,229410.0,231331.4356281831,91474.20970365881,92240.3568009279,91549.81065949306
2018-05-19,4.61,6.8,250.792,229824.0,231331.4356281831,91639.28673960891,92240.3568009279,92001.20796461935
2018-05-26,4.66,6.8,250.792,228671.0,231331.4356281831,91179.54320711984,92240.3568009279,91406.76221772766
2018-06-02,4.56,6.8,250.792,230853.0,232713.57928767675,92049.58690867333,92791.46834335894,91044.77018870473
2018-06-09,4.54,6.8,251.018,232222.0,232713.57928767675,92512.09076639921,92707.92504429034,91818.60719638992
2018-06-16,4.62,6.8,251.018,232450.0,232713.57928767675,92602.92090607049,92707.92504429034,91003.3229968832
2018-06-23,4.57,6.8,251.018,233815.0,232713.57928767675,93146.7066106813,92707.92504429034,91809.88333822398
2018-06-30,4.55,6.8,251.018,234412.0,232713.57928767675,93384.53816061,92707.92504429034,92782.99006273247
2018-07-07,4.52,7.1,251.214,234448.0,234153.51973750108,93326.00890077782,93208.78603003857,92049.75234598768
2018-07-14,4.53,7.1,251.214,235233.0,234153.51973750108,93638.49148534716,93208.78603003857,92210.37140189578
2018-07-21,4.52,7.1,251.214,233714.0,234153.51973750108,93033.82773253083,93208.78603003857,91225.29394078458
2018-07-28,4.54,7.1,251.214,232221.0,234153.51973750108,92439.51372136903,93208.78603003857,89638.09282673715
2018-08-04,4.6,7.1,251.663,233150.0,235595.4705860644,92643.7338822155,93615.45820643654,89570.2194034696
2018-08-11,4.59,7.1,251.663,230397.0,235595.4705860644,91549.81065949306,93615.45820643654,89187.78751672646
2018-08-18,4.53,7.1,251.663,231533.0,235595.4705860644,92001.20796461935,93615.45820643654,89346.5402978693
2018-08-25,4.51,7.1,251.663,230037.0,235595.4705860644,91406.76221772766,93615.45820643654,91145.07866378457
2018-09-01,4.52,7.1,251.663,229126.0,237152.92567637205,91044.77018870473,94234.32355029226,91465.65809619136
2018-09-08,4.54,7.1,252.182,231550.0,237152.92567637205,91818.60719638992,94040.38578343105,92021.11035063912
2018-09-15,4.6,7.1,252.182,229494.0,237152.92567637205,91003.3229968832,94040.38578343105,91884.22539334645
2018-09-22,4.65,7.1,252.182,231528.0,237152.92567637205,91809.88333822398,94040.38578343105,92483.1959868179
2018-09-29,4.72,7.1,252.182,233982.0,237152.92567637205,92782.99006273247,94040.38578343105,92113.98434437621
2018-10-06,4.71,6.6,252.772,232676.0,238555.89709399955,92049.75234598768,94375.91865159098,91267.4561789033
2018-10-13,4.9,6.6,252.772,233082.0,238555.89709399955,92210.37140189578,94375.91865159098,90659.28627143541
2018-10-20,4.85,6.6,252.772,230592.0,238555.89709399955,91225.29394078458,94375.91865159098,89341.18886130479
2018-10-27,4.86,6.6,252.772,226580.0,238555.89709399955,89638.09282673715,94375.91865159098,90415.38479812798
2018-11-03,4.83,6.6,252.594,226249.0,239872.2408752806,89570.2194034696,94963.55450853171,89931.27242725575
2018-11-10,4.94,6.6,252.594,225283.0,239872.2408752806,89187.78751672646,94963.55450853171,90321.68925347092
2018-11-17,4.94,6.6,252.594,225684.0,239872.2408752806,89346.5402978693,94963.55450853171,90761.45097683159
2018-12-01,4.81,6.6,252.594,230227.0,241225.45228082605,91145.07866378457,95499.28037911671,91248.58380145192
2018-12-08,4.75,6.6,252.767,231195.0,241225.45228082605,91465.65809619136,95433.91830453582,91803.03369946948
2018-12-15,4.63,6.6,252.767,232599.0,241225.45228082605,92021.11035063912,95433.91830453582,92357.54708447875
2018-12-22,4.62,6.6,252.767,232253.0,241225.45228082605,91884.22539334645,95433.91830453582,92930.93752089258
2018-12-29,4.55,6.6,252.767,233767.0,241225.45228082605,92483.1959868179,95433.91830453582,92483.78736574682
2019-01-05,4.51,7.0,252.561,232644.0,242711.433311715,92113.98434437621,96100.12365793412,92360.31390925155
2019-01-12,4.45,7.0,252.561,230506.0,242711.433311715,91267.4561789033,96100.12365793412,91817.67247965584
2019-01-19,4.45,7.0,252.561,228970.0,242711.433311715,90659.28627143541,96100.12365793412,92107.9954394612
2019-01-26,4.45,7.0,252.561,225641.0,242711.433311715,89341.18886130479,96100.12365793412,92171.07505690878
2019-02-02,4.46,7.0,252.561,228354.0,244465.19611273156,90415.38479812798,96794.51542903756,93002.2405364753
2019-02-09,4.41,7.0,253.319,227813.0,244465.19611273156,89931.27242725575,96504.87966269074,93480.50889947356
2019-02-16,4.37,7.0,253.319,228802.0,244465.19611273156,90321.68925347092,96504.87966269074,93306.20142892956
2019-02-23,4.35,7.0,253.319,229916.0,244465.19611273156,90761.45097683159,96504.87966269074,94273.31411381299
2019-03-02,4.35,7.0,253.319,231150.0,245981.17697533112,91248.58380145192,97103.32702060688,95042.22549511156
2019-03-09,4.41,7.0,254.277,233434.0,245981.17697533112,91803.03369946948,96737.48588166886,95351.33398377041
2019-03-16,4.31,7.0,254.277,234844.0,245981.17697533112,92357.54708447875,96737.48588166886,96518.98610180516
2019-03-23,4.28,7.0,254.277,236302.0,245981.17697533112,92930.93752089258,96737.48588166886,96202.38780939842
2019-03-30,4.06,7.0,254.277,235165.0,245981.17697533112,92483.78736574682,96737.48588166886,96221.58745831913
2019-04-06,4.08,6.8,255.233,235734.0,247071.5385390011,92360.31390925155,96802.34865358363,97279.92744388238
2019-04-13,4.12,6.8,255.233,234349.0,247071.5385390011,91817.67247965584,96802.34865358363,97609.87013393172
2019-04-20,4.17,6.8,255.233,235090.0,247071.5385390011,92107.9954394612,96802.34865358363,96898.77326995098
2019-04-27,4.2,6.8,255.233,235251.0,247071.5385390011,92171.07505690878,96802.34865358363,96514.55264103485
2019-05-04,4.14,6.8,255.296,237431.0,247776.54523898344,93002.2405364753,97054.61317019594,95493.60246215377
2019-05-11,4.1,6.8,255.296,238652.0,247776.54523898344,93480.50889947356,97054.61317019594,95217.85998843913
2019-05-18,4.07,6.8,255.296,238207.0,247776.54523898344,93306.20142892956,97054.61317019594,95388.9296817635
2019-05-25,4.06,6.8,255.296,240676.0,247776.54523898344,94273.31411381299,97054.61317019594,95816.99448515053
2019-06-01,3.99,6.8,255.296,242639.0,248473.30204946885,95042.22549511156,97327.53433248813,95950.55180751081
2019-06-08,3.82,6.8,255.213,243349.0,248473.30204946885,95351.33398377041,97359.18705139191,96282.80622392076
2019-06-15,3.82,6.8,255.213,246329.0,248473.30204946885,96518.98610180516,97359.18705139191,96275.0068244745
2019-06-22,3.84,6.8,255.213,245521.0,248473.30204946885,96202.38780939842,97359.18705139191,96023.8661623055
2019-06-29,3.73,6.8,255.213,245570.0,248473.30204946885,96221.58745831913,97359.18705139191,95198.22675040347
2019-07-13,3.75,6.8,255.802,248844.0,249211.21889551528,97279.92744388238,97423.48335646918,94241.21638700395
2019-07-20,3.81,6.8,255.802,249688.0,249211.21889551528,97609.87013393172,97423.48335646918,93891.62178452685
2019-07-27,3.75,6.8,255.802,247869.0,249211.21889551528,96898.77326995098,97423.48335646918,93071.8827166495
2019-08-03,3.75,6.8,256.036,247112.0,249929.2259223777,96514.55264103485,97614.87678388105,92816.005910832
2019-08-10,3.6,6.8,256.036,244498.0,249929.2259223777,95493.60246215377,97614.87678388105,92669.43023666138
2019-08-17,3.6,6.8,256.036,243792.0,249929.2259223777,95217.85998843913,97614.87678388105,93373.248694155
2019-08-24,3.55,6.8,256.036,244230.0,249929.2259223777,95388.9296817635,97614.87678388105,93681.53281190015
2019-08-31,3.58,6.8,256.036,245326.0,249929.2259223777,95816.99448515053,97614.87678388105,94469.31910451224
2019-09-07,3.49,6.8,256.43,246046.0,250629.23076427667,95950.55180751081,97737.8741817559,94567.91555504002
2019-09-14,3.56,6.8,256.43,246898.0,250629.23076427667,96282.80622392076,97737.8741817559,96087.07419866219
2019-09-21,3.73,6.8,256.43,246878.0,250629.23076427667,96275.0068244745,97737.8741817559,97071.8787456985
2019-09-28,3.64,6.8,256.43,246234.0,250629.23076427667,96023.8661623055,97737.8741817559,96087.7693062347
2019-10-05,3.65,6.4,257.155,244807.0,251475.39774091507,95198.22675040347,97791.37008454633,95130.66518350289
2019-10-12,3.57,6.4,257.155,242346.0,251475.39774091507,94241.21638700395,97791.37008454633,93380.22293805474
2019-10-19,3.69,6.4,257.155,241447.0,251475.39774091507,93891.62178452685,97791.37008454633,92937.97748989981
2019-10-26,3.75,6.4,257.155,239339.0,251475.39774091507,93071.8827166495,97791.37008454633,93136.50514086193
2019-11-02,3.78,6.4,257.155,238681.0,252632.4579240272,92816.005910832,98241.31668605597,93780.81050430865
2019-11-09,3.69,6.4,257.879,238975.0,252632.4579240272,92669.43023666138,97965.50239609553,94923.35465156648
2019-11-16,3.75,6.4,257.879,240790.0,252632.4579240272,93373.248694155,97965.50239609553,94897.51047267848
2019-11-23,3.66,6.4,257.879,241585.0,252632.4579240272,93681.53281190015,97965.50239609553,95216.51250163937
2019-12-07,3.68,6.4,258.63,244326.0,254088.2705513374,94469.31910451224,98243.92783178185,95807.08890180128
2019-12-14,3.73,6.4,258.63,244581.0,254088.2705513374,94567.91555504002,98243.92783178185,96170.83091226031
2019-12-21,3.73,6.4,258.63,248510.0,254088.2705513374,96087.07419866219,98243.92783178185,97551.81096261863
2019-12-28,3.74,6.4,258.63,251057.0,254088.2705513374,97071.8787456985,98243.92783178185,97736.1998837885
2020-01-04,3.72,6.6,258.906,248777.0,255860.56365346644,96087.7693062347,98823.728941572,99053.98124360667
2020-01-11,3.64,6.6,258.906,246299.0,255860.56365346644,95130.66518350289,98823.728941572,100405.65971435935
2020-01-18,3.65,6.6,258.906,241767.0,255860.56365346644,93380.22293805474,98823.728941572,101788.96324465303
2020-01-25,3.6,6.6,258.906,240622.0,255860.56365346644,92937.97748989981,98823.728941572,101245.09030711449
2020-02-01,3.51,6.6,258.906,241136.0,257591.50202411064,93136.50514086193,99492.28755768914,100850.75314493648
2020-02-08,3.45,6.6,259.246,243123.0,257591.50202411064,93780.81050430865,99361.80385583988,100714.87758356523
2020-02-15,3.47,6.6,259.246,246085.0,257591.50202411064,94923.35465156648,99361.80385583988,100359.19764860386
2020-02-22,3.49,6.6,259.246,246018.0,257591.50202411064,94897.51047267848,99361.80385583988,101117.85122416433
2020-02-29,3.45,6.6,259.246,246845.0,257591.50202411064,95216.51250163937,99361.80385583988,101965.22935492948
2020-03-07,3.29,6.6,258.15,247326.0,259244.22010179583,95807.08890180128,100423.8698825473,101275.07743070147
2020-03-14,3.36,6.6,258.15,248265.0,259244.22010179583,96170.83091226031,100423.8698825473,101248.22959953929
2020-03-21,3.65,6.6,258.15,251830.0,259244.22010179583,97551.81096261863,100423.8698825473,101831.48900406218
2020-03-28,3.5,6.6,258.15,252306.0,259244.22010179583,97736.1998837885,100423.8698825473,102460.66209086239
2020-04-04,3.33,5.7,256.126,253703.0,260519.141236844,99053.98124360667,101715.2265825586,102989.84551561871
2020-04-11,3.33,5.7,256.126,257165.0,260519.141236844,100405.65971435935,101715.2265825586,102513.85406024581
2020-04-18,3.31,5.7,256.126,260708.0,260519.141236844,101788.96324465303,101715.2265825586,102970.10928454227
2020-04-25,3.33,5.7,256.126,259315.0,260519.141236844,101245.09030711449,101715.2265825586,102571.51481378285
2020-05-02,3.23,5.7,256.126,258305.0,261147.2020115374,100850.75314493648,101960.44213064564,102033.99275564223
2020-05-09,3.26,5.7,255.848,257677.0,261147.2020115374,100714.87758356523,102071.23057891302,102644.9110523353
2020-05-16,3.28,5.7,255.848,256767.0,261147.2020115374,100359.19764860386,102071.23057891302,103255.63103876375
2020-05-23,3.24,5.7,255.848,258708.0,261147.2020115374,101117.85122416433,102071.23057891302,104423.86434613637
2020-05-30,3.15,5.7,255.848,260876.0,261147.2020115374,101965.22935492948,102071.23057891302,104724.98322833372
2020-06-06,3.18,5.7,257.004,260281.0,261490.96959471537,101275.07743070147,101745.87539287924,104417.75565395017
2020-06-13,3.21,5.7,257.004,260212.0,261490.96959471537,101248.22959953929,101745.87539287924,104162.70758719911
2020-06-20,3.13,5.7,257.004,261711.0,261490.96959471537,101831.48900406218,101745.87539287924,103829.56788010047
2020-06-27,3.13,5.7,257.004,263328.0,261490.96959471537,102460.66209086239,101745.87539287924,103054.42179487672
2020-07-04,3.07,6.4,258.408,266134.0,262065.2907004902,102989.84551561871,101415.3163603643,103073.97915073641
2020-07-11,3.03,6.4,258.408,264904.0,262065.2907004902,102513.85406024581,101415.3163603643,102623.64120515352
2020-07-18,2.98,6.4,258.408,266083.0,262065.2907004902,102970.10928454227,101415.3163603643,102031.51597124292
2020-07-25,3.01,6.4,258.408,265053.0,262065.2907004902,102571.51481378285,101415.3163603643,101905.86707345657
2020-08-01,2.99,6.4,258.408,263664.0,263562.3682674503,102033.99275564223,101994.66280744028,102237.8568217361
2020-08-08,2.88,6.4,259.366,266226.0,263562.3682674503,102644.9110523353,101617.93306271844,101921.07936142894
2020-08-15,2.96,6.4,259.366,267810.0,263562.3682674503,103255.63103876375,101617.93306271844,102321.62364169494
2020-08-22,2.99,6.4,259.366,270840.0,263562.3682674503,104423.86434613637,101617.93306271844,103764.73293853851
2020-08-29,2.91,6.4,259.366,271621.0,263562.3682674503,104724.98322833372,101617.93306271844,103173.60355718402
2020-09-05,2.93,6.4,259.951,271435.0,265856.07109326817,104417.75565395017,102271.60930070211,103792.67571229558
2020-09-12,2.86,6.4,259.951,270772.0,265856.07109326817,104162.70758719911,102271.60930070211,103685.42585065169
2020-09-19,2.87,6.4,259.951,269906.0,265856.07109326817,103829.56788010047,102271.60930070211,103799.92748229994
2020-09-26,2.9,6.4,259.951,267891.0,265856.07109326817,103054.42179487672,102271.60930070211,103647.25864010229
2020-10-03,2.88,6.5,260.249,268249.0,268551.6409784072,103073.97915073641,103190.26815795917,102509.1612765601
2020-10-10,2.87,6.5,260.249,267077.0,268551.6409784072,102623.64120515352,103190.26815795917,101956.81819913302
2020-10-17,2.81,6.5,260.249,265536.0,268551.6409784072,102031.51597124292,103190.26815795917,102264.22569119072
2020-10-24,2.8,6.5,260.249,265209.0,268551.6409784072,101905.86707345657,103190.26815795917,101747.30875597103
2020-10-31,2.81,6.5,260.249,266073.0,268551.6409784072,102237.8568217361,103190.26815795917,101177.99706354355
2020-11-07,2.78,6.5,260.895,265907.0,271580.8697023873,101921.07936142894,104095.85070713786,101065.69847069043
2020-11-14,2.84,6.5,260.895,266952.0,271580.8697023873,102321.62364169494,104095.85070713786,101412.45831483821
2020-11-21,2.72,6.5,260.895,270717.0,271580.8697023873,103764.73293853851,104095.85070713786,102539.23811474943
2020-12-05,2.71,6.5,262.005,270320.0,274508.5730523895,103173.60355718402,104772.26505310566,103111.62281529575
2020-12-12,2.71,6.5,262.005,271942.0,274508.5730523895,103792.67571229558,104772.26505310566,104080.25367105809
2020-12-19,2.67,6.5,262.005,271661.0,274508.5730523895,103685.42585065169,104772.26505310566,105142.12374013814
2020-12-26,2.66,6.5,262.005,271961.0,274508.5730523895,103799.92748229994,104772.26505310566,105181.00486957833
2021-01-02,2.67,6.5,262.005,271561.0,277575.5628073983,103647.25864010229,105942.84949042894,105145.22852687139
2021-01-09,2.65,6.8,262.518,269105.0,277575.5628073983,102509.1612765601,105735.8210893723,105273.81238003839
2021-01-16,2.79,6.8,262.518,267655.0,277575.5628073983,101956.81819913302,105735.8210893723,105447.75671785028
2021-01-23,2.77,6.8,262.518,268462.0,277575.5628073983,102264.22569119072,105735.8210893723,105739.41338771592
2021-01-30,2.73,6.8,262.518,267105.0,277575.5628073983,101747.30875597103,105735.8210893723,107062.36504318618
2021-02-06,2.73,6.8,263.583,266688.0,280702.43081035063,101177.99706354355,106494.8918596232,106836.23143057233
2021-02-13,2.73,6.8,263.583,266392.0,280702.43081035063,101065.69847069043,106494.8918596232,107424.7910240937
2021-02-20,2.81,6.8,263.583,267306.0,280702.43081035063,101412.45831483821,106494.8918596232,108088.59684412855
2021-02-27,2.97,6.8,263.583,270276.0,280702.43081035063,102539.23811474943,106494.8918596232,107460.92411306304
2021-03-06,3.02,6.8,264.91,273153.0,284146.2271144827,103111.62281529575,107261.4197706703,108101.55765081428
2021-03-13,3.05,6.8,264.91,275719.0,284146.2271144827,104080.25367105809,107261.4197706703,108781.36730411138
2021-03-20,3.09,6.8,264.91,278532.0,284146.2271144827,105142.12374013814,107261.4197706703,110658.60254780838
2021-03-27,3.17,6.8,264.91,278635.0,284146.2271144827,105181.00486957833,107261.4197706703,111547.52756184792
2021-04-03,3.18,6.2,266.752,280477.0,287915.184193398,105145.22852687139,107933.65530282733,112132.6205725126
2021-04-10,3.13,6.2,266.752,280820.0,287915.184193398,105273.81238003839,107933.65530282733,113018.30187430602
2021-04-17,3.04,6.2,266.752,281284.0,287915.184193398,105447.75671785028,107933.65530282733,113208.01194143988
2021-04-24,2.97,6.2,266.752,282062.0,287915.184193398,105739.41338771592,107933.65530282733,114783.78199519106
2021-05-01,2.98,6.2,266.752,285591.0,292365.7733781794,107062.36504318618,109602.09234726615,115249.60109414178
2021-05-08,2.96,6.2,268.452,286804.0,292365.7733781794,106836.23143057233,108908.02578419211,115796.82465202043
2021-05-15,2.94,6.2,268.452,288384.0,292365.7733781794,107424.7910240937,108908.02578419211,116490.40100590566
2021-05-22,3.0,6.2,268.452,290166.0,292365.7733781794,108088.59684412855,108908.02578419211,116363.92963059362
2021-05-29,2.95,6.2,268.452,288481.0,292365.7733781794,107460.92411306304,108908.02578419211,116696.42104337052
2021-06-05,2.99,6.2,270.664,292592.0,297786.2119681093,108101.55765081428,110020.6203884186,115908.38557507293
2021-06-12,2.96,6.2,270.664,294432.0,297786.2119681093,108781.36730411138,110020.6203884186,116140.5981298857
2021-06-19,2.93,6.2,270.664,299513.0,297786.2119681093,110658.60254780838,110020.6203884186,116655.4089825366
2021-06-26,3.02,6.2,270.664,301919.0,297786.2119681093,111547.52756184792,110020.6203884186,115541.4459247792
2021-07-03,2.98,5.8,271.994,304994.0,302978.9113862796,112132.6205725126,111391.76282795929,115947.08766754172
2021-07-10,2.9,5.8,271.994,307403.0,302978.9113862796,113018.30187430602,111391.76282795929,114748.90932374453
2021-07-17,2.88,5.8,271.994,307919.0,302978.9113862796,113208.01194143988,111391.76282795929,114777.48757388743
2021-07-24,2.78,5.8,271.994,312205.0,302978.9113862796,114783.78199519106,111391.76282795929,115422.84957711425
2021-07-31,2.8,5.8,271.994,313472.0,302978.9113862796,115249.60109414178,111391.76282795929,116126.81508063406
2021-08-07,2.77,5.8,272.789,315881.0,307567.78045130655,115796.82465202043,112749.33389957313,115841.52023500804
2021-08-14,2.87,5.8,272.789,317773.0,307567.78045130655,116490.40100590566,112749.33389957313,117080.04691551981
2021-08-21,2.86,5.8,272.789,317428.0,307567.78045130655,116363.92963059362,112749.33389957313,116879.14874220107
2021-08-28,2.87,5.8,272.789,318335.0,307567.78045130655,116696.42104337052,112749.33389957313,117637.3180251275
2021-09-04,2.87,5.8,273.887,317458.0,311246.4053666017,115908.38557507293,113640.44491582358,118192.50163812996
2021-09-11,2.88,5.8,273.887,318094.0,311246.4053666017,116140.5981298857,113640.44491582358,119546.09555283326
2021-09-18,2.86,5.8,273.887,319504.0,311246.4053666017,116655.4089825366,113640.44491582358,120242.30078915131
2021-09-25,2.88,5.8,273.887,316453.0,311246.4053666017,115541.4459247792,113640.44491582358,119388.08031445874
2021-10-02,3.01,5.8,273.887,317564.0,315408.26780595136,115947.08766754172,115159.99949101322,119065.83094302207
2021-10-09,2.99,5.6,276.434,317205.0,315408.26780595136,114748.90932374453,114098.9414492976,118645.13615921244
2021-10-16,3.05,5.6,276.434,317284.0,315408.26780595136,114777.48757388743,114098.9414492976,118056.58840610503
2021-10-23,3.09,5.6,276.434,319068.0,315408.26780595136,115422.84957711425,114098.9414492976,117138.84056442967
2021-10-30,3.14,5.6,276.434,321014.0,315408.26780595136,116126.81508063406,114098.9414492976,116907.23461085629
2021-11-06,3.09,5.6,278.799,322965.0,320357.45688288606,115841.52023500804,114906.24316546548,117269.58019224348
2021-11-20,3.1,5.6,278.799,326418.0,320357.45688288606,117080.04691551981,114906.24316546548,118437.45057725762
2021-12-04,3.11,5.6,280.808,328206.0,325970.79090261756,116879.14874220107,116083.15678421468,119626.6427406426
2021-12-11,3.1,5.6,280.808,330335.0,325970.79090261756,117637.3180251275,116083.15678421468,122392.74151199951
2021-12-18,3.12,5.6,280.808,331894.0,325970.79090261756,118192.50163812996,116083.15678421468,123442.28716097555
2021-12-25,3.05,5.6,280.808,335695.0,325970.79090261756,119546.09555283326,116083.15678421468,124778.0409176743
2022-01-01,3.11,5.6,280.808,337650.0,333028.8814885961,120242.30078915131,118596.65019821234,124530.43438948646
2022-01-08,3.22,5.8,282.39,337140.0,333028.8814885961,119388.08031445874,117932.25025269878,124566.08164452632
2022-01-15,3.45,5.8,282.39,336230.0,333028.8814885961,119065.83094302207,117932.25025269878,126310.0663517613
2022-01-22,3.56,5.8,282.39,335042.0,333028.8814885961,118645.13615921244,117932.25025269878,126474.21423723179
2022-01-29,3.55,5.8,282.39,333380.0,333028.8814885961,118056.58840610503,117932.25025269878,127990.33120472082
2022-02-05,3.55,5.8,284.535,333301.0,341202.38400788564,117138.84056442967,119915.78681282993,126778.30442855723
2022-02-12,3.69,5.8,284.535,332642.0,341202.38400788564,116907.23461085629,119915.78681282993,126740.20709845929
2022-02-19,3.92,5.8,284.535,333673.0,341202.38400788564,117269.58019224348,119915.78681282993,127772.26720300387
2022-02-26,3.89,5.8,284.535,336996.0,341202.38400788564,118437.45057725762,119915.78681282993,128583.98058752262
2022-03-05,3.76,5.8,287.553,343990.0,350617.44848977827,119626.6427406426,121931.41733516195,128769.20365021899
2022-03-12,3.85,5.8,287.553,351944.0,350617.44848977827,122392.74151199951,121931.41733516195,129285.82082468916
2022-03-19,4.16,5.8,287.553,354962.0,350617.44848977827,123442.28716097555,121931.41733516195,129666.50395259599
2022-03-26,4.42,5.8,287.553,358803.0,350617.44848977827,124778.0409176743,121931.41733516195,129109.88623574558
2022-04-02,4.67,5.8,287.553,358091.0,360393.9657694955,124530.43438948646,125331.31832027332,128733.27095960623
2022-04-09,4.72,5.6,288.764,359702.0,360393.9657694955,124566.08164452632,124805.71185102558,128289.32425239934
2022-04-16,5.0,5.6,288.764,364738.0,360393.9657694955,126310.0663517613,124805.71185102558,128555.107686362
2022-04-23,5.11,5.6,288.764,365212.0,360393.9657694955,126474.21423723179,124805.71185102558,127680.12421307426
2022-04-30,5.1,5.6,288.764,369590.0,360393.9657694955,127990.33120472082,124805.71185102558,125500.29324320203
2022-05-07,5.27,5.6,291.359,369380.0,369671.37469852366,126778.30442855723,126878.30981659179,124919.97195207464
2022-05-14,5.3,5.6,291.359,369269.0,369671.37469852366,126740.20709845929,126878.30981659179,123588.7117262685
2022-05-21,5.25,5.6,291.359,372276.0,369671.37469852366,127772.26720300387,126878.30981659179,122974.57055848568
2022-05-28,5.1,5.6,291.359,374641.0,369671.37469852366,128583.98058752262,126878.30981659179,123842.43027820966
2022-06-04,5.09,5.6,294.996,379864.0,378000.992310216,128769.20365021899,128137.6670565757,123825.9302627716
2022-06-11,5.23,5.6,294.996,381388.0,378000.992310216,129285.82082468916,128137.6670565757,122160.2815675185
2022-06-18,5.78,5.6,294.996,382511.0,378000.992310216,129666.50395259599,128137.6670565757,122706.94908905619
2022-06-25,5.81,5.6,294.996,380869.0,378000.992310216,129109.88623574558,128137.6670565757,122293.57395702924
2022-07-02,5.7,5.6,294.996,379758.0,383800.4577272053,128733.27095960623,130103.61419382138,122080.30613381206
2022-07-09,5.3,6.0,294.977,378424.0,383800.4577272053,128289.32425239934,130111.99440200604,122250.83343684848
2022-07-16,5.51,6.0,294.977,379208.0,383800.4577272053,128555.107686362,130111.99440200604,122596.29426951316
2022-07-23,5.54,6.0,294.977,376627.0,383800.4577272053,127680.12421307426,130111.99440200604,122266.94822787658
2022-07-30,5.3,6.0,294.977,370197.0,383800.4577272053,125500.29324320203,130111.99440200604,121671.3724094634
2022-08-06,4.99,6.0,295.209,368775.0,386903.43282629905,124919.97195207464,131060.85276068786,121140.94184457956
2022-08-13,5.22,6.0,295.209,364845.0,386903.43282629905,123588.7117262685,131060.85276068786,120197.69092711151
2022-08-20,5.13,6.0,295.209,363032.0,386903.43282629905,122974.57055848568,131060.85276068786,120504.40652540783
2022-08-27,5.55,6.0,295.209,365594.0,386903.43282629905,123842.43027820966,131060.85276068786,119968.07357134251
2022-09-03,5.66,6.0,296.341,366947.0,387526.40415900474,123825.9302627716,130770.43141482439,118841.9474452164
2022-09-10,5.89,6.0,296.341,362011.0,387526.40415900474,122160.2815675185,130770.43141482439,118166.60642812203
2022-09-17,6.02,6.0,296.341,363631.0,387526.40415900474,122706.94908905619,130770.43141482439,117734.56219964391
2022-09-24,6.29,6.0,296.341,362406.0,387526.40415900474,122293.57395702924,130770.43141482439,117297.83275102741
2022-10-01,6.7,6.0,296.341,361774.0,387147.2103128347,122080.30613381206,130642.47279749838,116389.21812782166
2022-10-08,6.66,5.8,297.863,364140.0,387147.2103128347,122250.83343684848,129974.92481873702,114755.82308993328
2022-10-15,6.92,5.8,297.863,365169.0,387147.2103128347,122596.29426951316,129974.92481873702,114951.92371718894
2022-10-22,6.94,5.8,297.863,364188.0,387147.2103128347,122266.94822787658,129974.92481873702,114641.29233309807
2022-10-29,7.08,5.8,297.863,362414.0,387147.2103128347,121671.3724094634,129974.92481873702,115286.1108623623
2022-11-05,6.95,5.8,298.648,361785.0,386478.4397309528,121140.94184457956,129409.35138723605,116741.7888023243
2022-11-12,7.08,5.8,298.648,358968.0,386478.4397309528,120197.69092711151,129409.35138723605,116727.19553976829
2022-11-19,6.61,5.8,298.648,359884.0,386478.4397309528,120504.40652540783,129409.35138723605,118088.01727311623
2022-12-03,6.49,5.8,298.812,358479.0,385469.8195003864,119968.07357134251,129000.7829338803,118499.12508616573
2022-12-10,6.33,5.8,298.812,355114.0,385469.8195003864,118841.9474452164,129000.7829338803,120768.92995386818
2022-12-17,6.31,5.8,298.812,353096.0,385469.8195003864,118166.60642812203,129000.7829338803,121785.02306591018
2022-12-24,6.27,5.8,298.812,351805.0,385469.8195003864,117734.56219964391,129000.7829338803,121987.5125934567
2022-12-31,6.42,5.8,298.812,350500.0,385469.8195003864,117297.83275102741,129000.7829338803,122829.61715891615
2023-01-07,6.48,6.4,300.356,349582.0,384087.38907850086,116389.21812782166,127877.38186635223,121933.32717336784
2023-01-14,6.33,6.4,300.356,344676.0,384087.38907850086,114755.82308993328,127877.38186635223,121544.58935029963
2023-01-21,6.15,6.4,300.356,345265.0,384087.38907850086,114951.92371718894,127877.38186635223,121675.59861664774
2023-01-28,6.13,6.4,300.356,344332.0,384087.38907850086,114641.29233309807,127877.38186635223,123286.64959476228
2023-02-04,6.09,6.4,301.509,347598.0,382877.8783636052,115286.1108623623,126987.21376927561,123292.73317620686
2023-02-11,6.12,6.4,301.509,351987.0,382877.8783636052,116741.7888023243,126987.21376927561,124393.05786758526
2023-02-18,6.32,6.4,301.509,351943.0,382877.8783636052,116727.19553976829,126987.21376927561,125296.5899164373
2023-02-25,6.5,6.4,301.509,356046.0,382877.8783636052,118088.01727311623,126987.21376927561,125719.51279811449
2023-03-04,6.65,6.4,301.744,357564.0,382502.20230509137,118499.12508616573,126763.8137974877,126661.57899757568
2023-03-11,6.73,6.4,301.744,364413.0,382502.20230509137,120768.92995386818,126763.8137974877,127737.8841656168
2023-03-18,6.6,6.4,301.744,367479.0,382502.20230509137,121785.02306591018,126763.8137974877,128333.60197103317
2023-03-25,6.42,6.4,301.744,368090.0,382502.20230509137,121987.5125934567,126763.8137974877,127275.71767383875
2023-04-01,6.32,6.4,301.744,370631.0,382873.3238815024,122829.61715891615,126886.80599498327,128081.95971750279
2023-04-08,6.28,6.3,303.032,369497.0,382873.3238815024,121933.32717336784,126347.48933495552,128937.26118413279
2023-04-15,6.27,6.3,303.032,368319.0,382873.3238815024,121544.58935029963,126347.48933495552,127889.42579145712
2023-04-22,6.39,6.3,303.032,368716.0,382873.3238815024,121675.59861664774,126347.48933495552,128160.5761781583
2023-04-29,6.43,6.3,303.032,373598.0,382873.3238815024,123286.64959476228,126347.48933495552,127479.08924983915
2023-05-06,6.39,6.3,303.365,374027.0,383940.4347527662,123292.73317620686,126560.55733283873,125530.14987572953
2023-05-13,6.35,6.3,303.365,377365.0,383940.4347527662,124393.05786758526,126560.55733283873,126466.83236061622
2023-05-20,6.39,6.3,303.365,380106.0,383940.4347527662,125296.5899164373,126560.55733283873,125033.39462485343
2023-05-27,6.57,6.3,303.365,381389.0,383940.4347527662,125719.51279811449,126560.55733283873,124563.74699121778
2023-06-03,6.79,6.3,304.003,385055.0,385485.5495753421,126661.57899757568,126803.20574972684,124316.83905587108
2023-06-10,6.71,6.3,304.003,388327.0,385485.5495753421,127737.8841656168,126803.20574972684,123916.3260524329
2023-06-17,6.69,6.3,304.003,390138.0,385485.5495753421,128333.60197103317,126803.20574972684,124374.85355757465
2023-06-24,6.67,6.3,304.003,386922.0,385485.5495753421,127275.71767383875,126803.20574972684,123979.45900913801
2023-07-01,6.71,6.3,304.003,389373.0,387283.1026747014,128081.95971750279,127394.50027621485,123401.82499804744
2023-07-08,6.81,6.6,304.628,392779.0,387283.1026747014,128937.26118413279,127133.1271828924,122157.76620893503
2023-07-15,6.96,6.6,304.628,389587.0,387283.1026747014,127889.42579145712,127133.1271828924,122084.6028530457
2023-07-22,6.78,6.6,304.628,390413.0,387283.1026747014,128160.5761781583,127133.1271828924,122401.96923237006
2023-07-29,6.81,6.6,304.628,388337.0,387283.1026747014,127479.08924983915,127133.1271828924,122318.40042142094
2023-08-05,6.9,6.6,306.187,384357.0,389048.3985722919,125530.14987572953,127062.35031934468,122932.30397631353
2023-08-12,6.96,6.6,306.187,387225.0,389048.3985722919,126466.83236061622,127062.35031934468,123821.19575098045
2023-08-19,7.09,6.6,306.187,382836.0,389048.3985722919,125033.39462485343,127062.35031934468,123818.92320078955
2023-08-26,7.23,6.6,306.187,381398.0,389048.3985722919,124563.74699121778,127062.35031934468,122047.9573020284
2023-09-02,7.18,6.6,306.187,380642.0,390432.7735400861,124316.83905587108,127514.48413554009,121287.02929954459
2023-09-09,7.12,6.6,307.288,380780.0,390432.7735400861,123916.3260524329,127057.60509362101,121437.96438450227
2023-09-16,7.18,6.6,307.288,382189.0,390432.7735400861,124374.85355757465,127057.60509362101,123182.78692241418
2023-09-23,7.19,6.6,307.288,380974.0,390432.7735400861,123979.45900913801,127057.60509362101,123716.88983034377
2023-09-30,7.31,6.6,307.288,379199.0,390432.7735400861,123401.82499804744,127057.60509362101,121585.48202205465
2023-10-07,7.49,6.6,307.531,375673.0,391609.0562129449,122157.76620893503,127339.7011075127,118761.64489723428
2023-10-14,7.57,6.6,307.531,375448.0,391609.0562129449,122084.6028530457,127339.7011075127,117336.64852995786
2023-10-21,7.63,6.6,307.531,376424.0,391609.0562129449,122401.96923237006,127339.7011075127,116242.3107351018
2023-10-28,7.79,6.6,307.531,376167.0,391609.0562129449,122318.40042142094,127339.7011075127,116744.35950027971
2023-11-04,7.76,6.6,308.024,378661.0,392623.2085572052,122932.30397631353,127465.13536516804,119156.80235586106
2023-11-11,7.5,6.6,308.024,381399.0,392623.2085572052,123821.19575098045,127465.13536516804,120438.25187909497
2023-11-18,7.44,6.6,308.024,381392.0,392623.2085572052,123818.92320078955,127465.13536516804,121603.32289570301
2023-12-02,7.22,6.6,308.024,375937.0,393593.2410852606,122047.9573020284,127780.05645185459,122977.03935651046
2023-12-09,7.03,6.6,308.742,374464.0,393593.2410852606,121287.02929954459,127482.89545486541,123187.3939083368
2023-12-16,6.95,6.6,308.742,374930.0,393593.2410852606,121437.96438450227,127482.89545486541,125142.04272491431
2023-12-23,6.67,6.6,308.742,380317.0,393593.2410852606,123182.78692241418,127482.89545486541,124371.13666207604
2023-12-30,6.61,6.6,308.742,381966.0,393593.2410852606,123716.88983034377,127482.89545486541,125195.84921372066
2024-01-06,6.62,6.6,309.685,376532.0,394508.9036743722,121585.48202205465,127390.38173446312,125079.26068063614
2024-01-13,6.66,6.6,309.685,367787.0,394508.9036743722,118761.64489723428,127390.38173446312,
2024-01-20,6.6,6.6,309.685,363374.0,394508.9036743722,117336.64852995786,127390.38173446312,
2024-01-27,6.69,6.6,309.685,359985.0,394508.9036743722,116242.3107351018,127390.38173446312,
2024-02-03,6.63,6.6,311.054,363138.0,395648.10127595504,116744.35950027971,127195.95352445397,
2024-02-10,6.64,6.6,311.054,370642.0,395648.10127595504,119156.80235586106,127195.95352445397,
2024-02-17,6.77,6.6,311.054,374628.0,395648.10127595504,120438.25187909497,127195.95352445397,
2024-02-24,6.9,6.6,311.054,378252.0,395648.10127595504,121603.32289570301,127195.95352445397,
2024-03-02,6.94,6.6,311.054,382525.0,396903.3792469961,122977.03935651046,127599.50981083546,
2024-03-09,6.88,6.6,312.23,384628.0,396903.3792469961,123187.3939083368,127118.91209909235,
2024-03-16,6.74,6.6,312.23,390731.0,396903.3792469961,125142.04272491431,127118.91209909235,
2024-03-23,6.87,6.6,312.23,388324.0,396903.3792469961,124371.13666207604,127118.91209909235,
2024-03-30,6.79,6.6,312.23,390899.0,396903.3792469961,125195.84921372066,127118.91209909235,
2024-04-06,6.82,6.6,313.207,391757.0,397989.78368413466,125079.26068063614,127069.24930928576,
